https://opais.co.ao/blog/				
				
https://opais.co.ao/campeao-da-taca-catoca-conhecido-amanha-em-saurimo/				
				
https://opais.co.ao/fc-17-de-setembro-do-muconda-conquista-tac%cc%a7a-catoca/				
				
https://opais.co.ao/mpla-promete-requalificar-lobito-para-resgatar-estatuto-de-sala-de-visitas-de-angola/				
				
https://opais.co.ao/joao-lourenco-deixa-boa-nova-aos-jovens-do-uige/				
				
https://opais.co.ao/benedito-daniel-busca-votos-para-o-prs-na-lunda-norte/				
				
https://opais.co.ao/soba-detido-por-matar-cidadao-a-pontapes-na-lunda-norte/				
				
https://opais.co.ao/classe-artistica-consternada-com-a-morte-do-guitarrista-pop-show/				
				
https://opais.co.ao/mpla-condena-vandalizacao-de-materiais-de-propaganda-no-moxico/				
				
https://opais.co.ao/china-rende-homenagem-ao-ex-presidente-angolano-jose-eduardo-dos-santos/				
				
https://opais.co.ao/fadm-enaltece-angola-team-pela-conquista-do-crono2022/				
				
https://opais.co.ao/petro-termina-no-85o-posto-e-joao-matias-vence-2a-etapa-da-volta-a-portugal/				
				
https://opais.co.ao/angola-segue-viagem-para-kigali-no-dia-18-deste-mes/				
				
https://opais.co.ao/presidente-da-costa-do-marfim-concede-indulto-presidencial-a-antigo-rival/				
				
https://opais.co.ao/diretora-da-amnistia-internacional-da-ucrania-demite-se-por-relatorio-polemico/				
				
https://opais.co.ao/comercio-angola-china-cresce-usd-14-mil-milhoes-no-i-semestre/				
				
https://opais.co.ao/panteste-investe-10-milhoes-de-euros-na-industria-farmaceutica-em-angola/				
				
https://opais.co.ao/bna-pode-comprar-hoje-dolares-disponiveis-na-plataforma-bloomberg/				
				
https://opais.co.ao/o-espaco-da-arte-e-da-cultura-na-campanha-eleitoral/				
				
https://opais.co.ao/suelia-antonio-eleita-miss-angola-universo-2022-sob-manto-de-contestacao/				
				
https://opais.co.ao/a-china-ofereceu-se-a-ajudar-na-reconstrucao-de-angola/				
				
https://opais.co.ao/cidadaos-tentam-colocar-em-circulacao-mais-de-cem-mil-dolares-falsos/				
				
https://opais.co.ao/vendedores-fazem-braco-de-ferro-a-transferencia-da-praca-grande-do-uige/				
				
https://opais.co.ao/carta-do-leitor-nao-existem-vitorias-antecipadas/				
				
https://opais.co.ao/e-de-hoje-bruno-pegado-e-um-vencedor/				
				
https://opais.co.ao/editorial-observadores/				
				
https://opais.co.ao/vacinadas-mais-de-mil-pessoas-nas-ultimas-24-horas/				
				
https://opais.co.ao/presidente-do-mpla-destaca-papel-das-mulheres-no-desenvolvimento-do-pais/				
				
https://opais.co.ao/joao-lourenco-optimista-na-retoma-do-cafe-como-das-principais-fontes-de-riquezas-de-angola/				
				
https://opais.co.ao/joao-lourenco-promete-melhoria-das-vias-do-uige/				
				
https://opais.co.ao/uige-tera-ligacao-area-com-cabinda-e-congo-democratico/				
				
https://opais.co.ao/mpla-e-unita-agitam-hoje-praca-eleitoral-do-uige/				
				
https://opais.co.ao/estrada-energia-e-agua-entre-as-expectativas-dos-municipes-do-uige-no-discurso-do-lider-do-mpla-amanha/				
				
https://opais.co.ao/populacao-mostra-se-satisfeita-com-descida-de-precos-dos-produtos-da-cesta-basica/				
				
https://opais.co.ao/editorial-discurso-da-fraude/				
				
https://opais.co.ao/e-de-hoje-promessas-eleitorais/				
				
https://opais.co.ao/carta-do-leitor-e-vital-apostar-na-continuidade/				
				
https://opais.co.ao/iguais-perante-a-lei-mas-esquecidos-da-votacao/				
				
https://opais.co.ao/bela-malaquias-ataca-a-regiao-leste-do-pais-na-caca-ao-voto/				
				
https://opais.co.ao/p-njango-busca-apoio-na-segunda-maior-praca-eleitoral-do-pais/				
				
https://opais.co.ao/militantes-da-fnl-a-satisfeitos-com-o-trabalho-do-lider-do-partido-no-zaire/				
				
https://opais.co.ao/unita-critica-contratos-simplificados-na-gestao-do-presidente-da-republica/				
				
https://opais.co.ao/casa-ce-leva-programa-de-governo-aos-seus-militantes-e-simpatizantes-no-moxico/				
				
https://opais.co.ao/apn-aposta-na-agricultura-para-a-modernizacao-economica/				
				
https://opais.co.ao/joao-lourenco-movimenta-massa-votante-no-uige/				
				
https://opais.co.ao/benedito-daniel-promete-corrupcao-zero-no-seu-governo/				
				
https://opais.co.ao/mais-de-cinco-mil-congoleses-expulsos-no-zaire-por-imigracao-ilegal/				
				
https://opais.co.ao/taag-arranca-com-processo-de-reducao-de-trabalhadores/				
				
https://opais.co.ao/o-ensino-do-portugues-em-contexto-de-diglossia-complicacoes-linguisticas-entre-o-portugues-e-as-linguas-regionais/				
				
https://opais.co.ao/cuito-ja-liquidou-akz-7-dos-11-mil-milhoes-do-piim/				
				
https://opais.co.ao/cultura-luta-contra-o-racismo/				
				
https://opais.co.ao/ministro-da-defesa-de-mocambique-lamenta-amnesia-de-criticos-a-actuacao/				
				
https://opais.co.ao/gazprom-afirma-que-sancoes-do-ocidente-impedem-entrega-de-turbina-do-gasoduto-nord-stream/				
				
https://opais.co.ao/senador-democrata-propoe-designar-taiwan-como-aliado-estrategico-fora-da-nato/				
				
https://opais.co.ao/grupo-desportivo-xcombatentes-lanca-sementes-do-basquetebol/				
				
https://opais.co.ao/equipas-afinam-estrategia-visando-torneio-todos-ao-voto/				
				
https://opais.co.ao/nacional-de-atletismo-arranca-neste-domingo/				
				
https://opais.co.ao/petro-de-luanda-tenta-surpreender-na-volta-a-portugal/				
				
https://opais.co.ao/esses-racismos-italiano-portugues-e-brasileiro/				
				
https://opais.co.ao/cce-multa-cinco-orgaos-de-comunicacao-social-por-violacao-ao-estatuto-de-jornalista/				
				
https://opais.co.ao/editorial-que-venca-o-melhor/				
				
https://opais.co.ao/e-de-hoje-chegou-a-hora-3/				
				
https://opais.co.ao/carta-do-leitor-temos-de-apostar-na-continuidade/				
				
https://opais.co.ao/o-comeco-de-uma-corrida-renhida-pelo-poder/				
				
https://opais.co.ao/bela-malaquias-a-segunda-mulher-na-historia-de-angola-a-concorrer-ao-palacio/				
				
https://opais.co.ao/o-dissidente-da-unita-que-quer-andar-com-os-proprios-pes-na-politica/				
				
https://opais.co.ao/os-dois-pesos-pesados-da-unita/				
				
https://opais.co.ao/fnla-tenta-o-renascimento-das-cinzas-depois-de-20-anos-de-crise/				
				
https://opais.co.ao/casa-ce-quer-vitoria-em-agosto/				
				
https://opais.co.ao/tres-partidos-fundados-terceira-corrida-a-cidade-alta/				
				
https://opais.co.ao/benedito-daniel-um-presbitero-com-ambicoes-politicas/				
				
https://opais.co.ao/mpla-reinventa-se-para-convencer/				
				
https://opais.co.ao/especialistas-alertam-que-partidos-politicos-podem-ser-usados-para-branquear-capitais/				
				
https://opais.co.ao/reabilitacao-da-estrada-malanje-lunda-norte-eleva-riscos-de-acidentes/				
				
https://opais.co.ao/dificuldades-de-acesso-a-pesquisa-motiva-transformacao-de-residencia-em-biblioteca-comunitaria-no-cazenga/				
				
https://opais.co.ao/ha-exportacao-de-trigo-de-angola-para-o-congo-de-forma-clandestina/				
				
https://opais.co.ao/pm-da-italia-mario-draghi-confirma-renuncia-ao-cargo-segundo-gabinete-do-presidente/				
				
https://opais.co.ao/victorino-visele-garante-que-combate-contra-o-doping-sera-a-bandeira-do-wiliete-de-benguela/				
				
https://opais.co.ao/george-falcao-as-multas-ou-penas-nao-sao-brandas-mas-adequadas-para-o-momento/				
				
https://opais.co.ao/china-faz-balanco-dos-40-anos-de-relacoes-bilateirais-com-angola/				
				
https://opais.co.ao/dono-da-xtagiarious-procurado-pelo-sic-por-nao-reembolsar-centenas-de-milhoes-de-kz/				
				
https://opais.co.ao/editorial-autarquias-2/				
				
https://opais.co.ao/e-de-hoje-luta-pelas-lundas/				
				
https://opais.co.ao/carta-do-leitor-assim-nao-oposicao/				
				
https://opais.co.ao/antigos-combatentes-nas-prioridades-de-governacao-dos-humanistas/				
				
https://opais.co.ao/p-njango-rasga-o-sul-na-caca-ao-voto/				
				
https://opais.co.ao/adalberto-diz-que-pouco-registo-no-exterior-impede-votacao-na-unita/				
				
https://opais.co.ao/reavivamento-do-bastiao-da-fnla-feito-com-sucesso/				
				
https://opais.co.ao/casa-ce-realiza-campanha-casa-a-casa-em-luanda/				
				
https://opais.co.ao/ma-gestao-dos-recursos-do-petroleo-no-zaire-inquieta-apn/				
				
https://opais.co.ao/prs-promete-acabar-com-as-assimetrias-regionais-em-caso-de-vitoria/				
				
https://opais.co.ao/joao-lourenco-aponta-ganhos-na-lunda-norte/				
				
https://opais.co.ao/cegos-e-surdos-expostos-a-elevados-riscos-de-vida-diariamente/				
				
https://opais.co.ao/sector-cultural-do-huambo-aposta-na-diversidade-das-artes/				
				
https://opais.co.ao/docente-universitario-manuel-afonso-advoga-valorizacao-e-respeito-a-nossa-diversidade-cultural/				
				
https://opais.co.ao/a-etica-e-as-novas-tecnologias-uma-necessidade-de-posicionamento-critico/				
				
https://opais.co.ao/governo-controla-qualidade-de-4-mil-produtos-por-mes/				
				
https://opais.co.ao/turquia-quer-um-biliao-de-dolares-ano-em-negocios-com-angola/				
				
https://opais.co.ao/bna-incentiva-uso-de-dinheiro-de-plastico-em-detrimento-do-numerario/				
				
https://opais.co.ao/programa-nuclear-do-irao-esta-a-progredir-muito-rapido/				
				
https://opais.co.ao/oms-pede-fundos-as-necessidades-de-80-milhoes-no-corno-de-africa/				
				
https://opais.co.ao/coreia-do-norte-cuba-e-venezuela-repudiam-visita-de-nancy-pelosi-a-taiwan/				
				
https://opais.co.ao/petro-de-luanda-estreia-se-hoje-na-volta-a-portugal/				
				
https://opais.co.ao/circuito-nossa-senhora-do-monte-acolhe-200-quilometros-da-huila/				
				
https://opais.co.ao/lutonda-sebastiao-mc-deixa-santa-rita-de-cassia-do-uige/				
				
https://opais.co.ao/huambo-sem-representante-no-girabola-2022-2023/				
				
https://opais.co.ao/luis-nunes-diz-que-mpla-vai-chegar-primeiro-a-meta-e-dar-gosto-no-dia-24/				
				
https://opais.co.ao/vacinadas-mais-de-16-mil-pessoas-nas-ultimas-24-horas-2/				
				
https://opais.co.ao/reformas-economicas-introduzidas-por-joao-lourenco-deram-outro-alento-a-lunda-norte-diz-ernesto-muangala/				
				
https://opais.co.ao/lunda-norte-vai-ganhar-hospital-geral-promete-lider-do-mpla/				
				
https://opais.co.ao/bna-publica-numeros-de-credito-ao-sector-nao-financeiro-referentes-a-junho-de-2022de/				
				
https://opais.co.ao/caixa-de-25-quilos-de-tomate-sai-de-20-mil-para-2-mil-kwanzas/				
				
https://opais.co.ao/finalizacao-das-obras-do-centro-cultural-do-huambo-dara-resposta-as-preocupacoes-dos-artistas/				
				
https://opais.co.ao/mpla-promete-rever-sistema-remuneratorio-da-funcao-publica-caso-venca-as-eleicoes/				
				
https://opais.co.ao/lider-do-prs-apela-respeito-pelas-diferencas-no-seu-regresso-ao-moxico/				
				
https://opais.co.ao/pais-regista-cerca-de-80-mil-casos-de-fuga-a-paternidade/				
				
https://opais.co.ao/professores-tem-aberta-linha-de-credito-com-juros-bonificados/				
				
https://opais.co.ao/jornalistas-huilanos-justificam-conduta-indecorosa-com-alegada-falta-de-condicoes-de-trabalho/				
				
https://opais.co.ao/sindicalista-diz-que-kz-50-mil-seria-proposta-de-salario-minimo-ao-alcance-de-empresas/				
				
https://opais.co.ao/muxima-preve-atrair-perto-de-um-milhao-de-peregrinos-a-quicama/				
				
https://opais.co.ao/mpla-na-lunda-norte-aperta-o-cerco-a-oposicao-e-garante-vitoria/				
				
https://opais.co.ao/apn-desdobra-se-em-actividades-pelo-pais/				
				
https://opais.co.ao/presidente-da-casa-ce-fala-sobre-as-eleicoes-com-embaixador-dos-eua/				
				
https://opais.co.ao/ngola-kabangu-arrasta-multidoes-no-zaire/				
				
https://opais.co.ao/adalberto-presta-homenagem-a-savimbi-e-prepara-comicio-do-cuito/				
				
https://opais.co.ao/p-njango-quer-maior-empenho-dos-delegados-de-lista-na-fiscalizacao-do-voto/				
				
https://opais.co.ao/partido-humanista-reitera-compromisso-com-as-mulheres/				
				
https://opais.co.ao/carta-do-leitor-oposicao-precisa-de-se-reinventar/				
				
https://opais.co.ao/e-de-hoje-advogados-eleitorais/				
				
https://opais.co.ao/editorial-kwenda-2/				
				
https://opais.co.ao/programa-de-governo-do-mpla-com-eixos-estruturantes-para-desenvolver-angola/				
				
https://opais.co.ao/vacinadas-cerca-de-18-mil-pessoas-nas-ultimas-24-horas/				
				
https://opais.co.ao/marinha-recebe-petro-de-luanda-no-dream-space/				
				
https://opais.co.ao/1o-de-agosto-conquista-taca-de-angola-em-basquetebol-feminino/				
				
https://opais.co.ao/trump-diz-que-troca-de-atleta-mimada-com-a-russia-nao-e-boa/				
				
https://opais.co.ao/papa-francisco-vai-ao-cazaquistao-entre-13-e-15-de-setembro/				
				
https://opais.co.ao/catamara-vai-facilitar-as-trocas-comerciais-entre-cabinda-e-as-demais-provincias/				
				
https://opais.co.ao/comissao-de-careira-e-etica-aperta-o-cerco-a-jornalistas-com-conduta-indecorosa-na-huila/				
				
https://opais.co.ao/mpla-desmente-adalberto-junior-sobre-suposta-negociacao-da-transicao-do-poder/				
				
https://opais.co.ao/paulo-pombolo-apela-aos-habitantes-da-lunda-norte-a-votar-no-numero-8/				
				
https://opais.co.ao/bie-vai-alargar-a-producao-de-trigo-com-olhos-na-auto-suficiencia-alimentar/				
				
https://opais.co.ao/o-coleccionador-de-silencio/				
				
https://opais.co.ao/obras-cientificas-sobre-o-processo-de-ensino-serao-apresentados-sexta-feira-na-uea/				
				
https://opais.co.ao/morreu-tonito-fortunato-letrista-e-compositor-da-musica-angolana/				
				
https://opais.co.ao/escola-de-formacao-de-tecnicos-de-saude-no-lubango-tem-mais-de-100-vagas-para-o-presente-ano-lectivo/				
				
https://opais.co.ao/mais-de-mil-bebes-assistidos-pelo-banco-de-leite-humano-em-tres-anos/				
				
https://opais.co.ao/tres-criancas-mantidas-em-cativeiro-e-abusadas-sexualmente-durante-seis-dias/				
				
https://opais.co.ao/presidente-do-mpla-confiante-no-voto-da-juventude/				
				
https://opais.co.ao/prs-garante-governo-sem-corrupcao-em-caso-de-vitoria/				
				
https://opais.co.ao/quintino-moreira-vira-baterias-para-o-sul-do-pais/				
				
https://opais.co.ao/presidente-da-casa-ce-visita-mercados-de-luanda/				
				
https://opais.co.ao/nimi-a-simbi-visita-autoridade-tradicional-no-zaire/				
				
https://opais.co.ao/unita-adia-seu-comicio-no-bie-e-acusa-mpla-de-intolerancia/				
				
https://opais.co.ao/p-njango-mobiliza-delegados-de-lista-em-benguela/				
				
https://opais.co.ao/bela-malaquias-visita-rei-do-bailundo-na-sua-terra-natal/				
				
https://opais.co.ao/carta-do-leitor-urge-entender-a-situacao-actual-do-pais/				
				
https://opais.co.ao/e-de-hoje-a-criticar-a-gente-se-entende/				
				
https://opais.co.ao/editorial-camaradas-e-o-canfeu/				
				
https://opais.co.ao/vacinadas-mais-de-16-mil-pessoas-nas-ultimas-24-horas/				
				
https://opais.co.ao/novos-advogados-do-caso-lussati-terao-menos-de-10-dias-para-dominarem-mais-de-10-mil-paginas-do-processo/				
				
https://opais.co.ao/iraque-sera-a-nossa-grande-dificuldade-no-mundial-da-turquia/				
				
https://opais.co.ao/1o-de-agosto-e-interclube-comecam-disputa-do-titulo-do-nacional/				
				
https://opais.co.ao/avelino-sangahanli-vence-mini-maratona-hanzolo-em-atletismo/				
				
https://opais.co.ao/ganancia-e-uma-doenca-por-tras-da-guerra-e-desigualdades-diz-papa/				
				
https://opais.co.ao/putin-aprova-nova-doutrina-naval-para-marcar-linhas-vermelhas-ao-ocidente/				
				
https://opais.co.ao/trump-ficou-frustrado-com-resposta-a-decisao-de-mudar-embaixada-dos-eua-em-israel-diz-midia/				
				
https://opais.co.ao/ministerio-do-trabalho-lanca-projectos-de-estagios-profissionais-e-micro-credito/				
				
https://opais.co.ao/empresa-portuguesa-pondera-produzir-queijo-e-manteiga-no-pais/				
				
https://opais.co.ao/angola-franqueia-mercado-da-commonwealth-com-adesao-ao-seu-braco-economico/				
				
https://opais.co.ao/ensaios-sobre-educacao-na-educacao/				
				
https://opais.co.ao/artistas-com-necessidades-especiais-exibem-arte-superacao-na-fundacao-arte-e-cultura/				
				
https://opais.co.ao/greve-na-angola-telecom-por-problemas-reclamados-desde-2012/				
				
https://opais.co.ao/joao-lourenco-caca-voto-na-comunidade-universitaria/				
				
https://opais.co.ao/prs-vai-a-lunda-sul-e-queixa-se-de-intolerancia-politica/				
				
https://opais.co.ao/apn-faz-mobilizacao-porta-a-porta-no-zaire/				
				
https://opais.co.ao/casa-ce-no-soyo-por-um-novo-pais/				
				
https://opais.co.ao/fnla-sonha-com-maior-representatividade-na-assembleia-nacional/				
				
https://opais.co.ao/presidente-da-unita-trabalha-hoje-no-bie/				
				
https://opais.co.ao/p-njango-quer-ser-o-partido-da-juventude/				
				
https://opais.co.ao/programa-de-governo-do-pha-corresponde-as-expectativas-dos-angolanos/				
				
https://opais.co.ao/carta-do-leitor-a-experiencia-sera-determinante/				
				
https://opais.co.ao/e-de-hoje-brincadeira-tem-hora/				
				
https://opais.co.ao/editorial-inimigos-da-democracia/				
				
https://opais.co.ao/piim-da-outro-alento-a-terra-do-progresso/				
				
https://opais.co.ao/vacinadas-mais-de-3-mil-pessoas-nas-ultimas-24-horas/				
				
https://opais.co.ao/apos-a-realizacao-das-eleicoes-em-angola-a-producao-de-algodao-sera-o-assunto-prioritario/				
				
https://opais.co.ao/em-angola-so-se-precisa-de-37-por-cento-de-votos-para-se-ter-maioria-absoluta/				
				
https://opais.co.ao/joao-lourenco-anuncia-ligacao-por-estrada-do-bie-ao-luau/				
				
https://opais.co.ao/p-jango-queixa-se-de-intolerancia-politica-de-algumas-forcas-da-oposicao/				
				
https://opais.co.ao/quintino-moreira-admite-que-pode-formar-governo-em-agosto/				
				
https://opais.co.ao/apn-realiza-amanha-acto-de-massas-em-mbanza-congo/				
				
https://opais.co.ao/bela-malaquias-visita-autoridades-governamentais-no-cuando-cubango/				
				
https://opais.co.ao/joao-lourenco-ja-no-cuito-para-o-acto-politico-de-amanha/				
				
https://opais.co.ao/moodys-considera-angola-o-pais-mais-reformista-em-africa/				
				
https://opais.co.ao/rui-falcao-diz-que-o-mpla-no-bie-esta-mobilizada-para-os-5-a-zero/				
				
https://opais.co.ao/mpla-atrai-mais-de-trezentas-mil-almas-no-caca-voto-em-menongue/				
				
https://opais.co.ao/joao-lourenco-apela-ao-fim-do-discurso-da-fraude/				
				
https://opais.co.ao/joao-lourenco-defende-autonomia-para-o-cuando-cubango/				
				
https://opais.co.ao/empresa-portuguesa-pode-produzir-queijo-no-pais/				
				
https://opais.co.ao/1o-de-agosto-procura-substituto-de-srdjan-vasiljevic-na-praca-nacional/				
				
https://opais.co.ao/palancas-negras-recebem-ilhas-mauricias-com-olhos-no-chan/				
				
https://opais.co.ao/centralidade-do-kilamba-acolhe-mini-maratona-hanzolo-em-atletismo/				
				
https://opais.co.ao/e-nossa-pretensao-massificar-o-desporto-ciencia-em-todo-o-pais/				
				
https://opais.co.ao/galas-classificativas-do-unitel-estrelas-ao-palco-arrancam-em-outubro-e-vao-ate-dezembro/				
				
https://opais.co.ao/monotongacao-o-que-e-e-nos-com-isso/				
				
https://opais.co.ao/comemorar-o-95o-aniversario-da-fundacao-do-exercito-de-libertacao-popular-da-china/				
				
https://opais.co.ao/republica-democratica-do-congo-e-ruanda-um-conflito-que-poe-a-prova-o-titulo-de-campeao-da-paz-de-joao-lourenco/				
				
https://opais.co.ao/e-de-hoje-batalha-campal/				
				
https://opais.co.ao/editorial-e-se-fosse-o-contrario/				
				
https://opais.co.ao/carta-do-leitor-energia-electrica-fora-dos-nossos-problemas/				
				
https://opais.co.ao/madalena-cabenda-a-guerreira-de-manuel-fernandes/				
				
https://opais.co.ao/nzuzi-a-simbi-a-cara-metade-do-candidato-no-4/				
				
https://opais.co.ao/bela-malaquias-uma-concorrente-solteira/				
				
https://opais.co.ao/bela-malaquias-inaugura-sede-do-partido-na-cidade-do-kuito/				
				
https://opais.co.ao/ana-dias-lourenco-a-economista-tarimbada-para-a-politica/				
				
https://opais.co.ao/wikstoslavy-falcao-a-guardia-de-adalberto-costa-junior/				
				
https://opais.co.ao/grupo-media-nova-lanca-ferramenta-inovadora-para-mercado-publicitario/				
				
https://opais.co.ao/espinhos-no-caminho-das-pessoas-com-deficiencia/				
				
https://opais.co.ao/adalberto-promete-deixar-a-presidencia-da-unita-caso-venca-as-eleicoes/				
				
https://opais.co.ao/p-njango-caca-votos-em-luanda-depois-do-periplo-pelo-litoral-sul/				
				
https://opais.co.ao/quintino-moreira-o-solteiro-que-quer-atingir-a-presidencia-da-republica/				
				
https://opais.co.ao/prs-abre-campanha-eleitoral-no-moxico/				
				
https://opais.co.ao/militantes-da-unita-no-huambo-confiantes-da-vitoria-eleitoral/				
				
https://opais.co.ao/mama-domingas-mais-de-duas-decadas-a-cuidar-do-lider-do-prs/				
				
https://opais.co.ao/linguas-nacionais-serao-introduzidas-a-partir-da-1a-classe/				
				
https://opais.co.ao/cada-vez-que-um-actor-alcancar-o-seu-proposito-novos-horizontes-se-abrirao-no-seu-caminho/				
				
https://opais.co.ao/kim-jong-un-pronto-para-conflito-com-eua-e-ameaca/				
				
https://opais.co.ao/bela-malaquias-perspectiva-grande-moldura-humana-no-acto-politico-de-massas-no-cuando-cubango/				
				
https://opais.co.ao/joao-lourenco-recebido-em-apoteose/				
				
https://opais.co.ao/mpla-pronto-a-dar-k-o-ao-adversario-garante-1o-secretario-dos-camaradas-no-cuando-cubango/				
				
https://opais.co.ao/mpla-no-cuando-cubango-quer-recuperar-deputado-perdido-nas-eleicoes-de-2017/				
				
https://opais.co.ao/unita-no-huambo-queixa-se-que-os-militantes-estao-a-ser-impedidos-de-participarem-no-acto-de-massas/				
				
https://opais.co.ao/sporting-do-lubango-celebra-100-anos-de-existencia/				
				
https://opais.co.ao/celeste-tchiama-testemunha-sorteio-do-mundial-de-futebol-para-amputados/				
				
https://opais.co.ao/joao-pintar-reforca-equipa-tecnica-da-academica-do-lobito/				
				
https://opais.co.ao/presidente-do-interclube-constata-dificuldades-da-equipa-de-futebol/				
				
https://opais.co.ao/trump-alerta-sobre-ameaca-de-eua-repetirem-destino-da-uniao-sovietica/				
				
https://opais.co.ao/deputada-ucraniana-revela-golpe-do-seculo-envolvendo-bilhoes-de-dolares-no-pais/				
				
https://opais.co.ao/boris-johnson-pode-tornar-se-novo-secretario-geral-da-otan-escreve-midia-britanica/				
				
https://opais.co.ao/novo-consorcio-de-gas-vai-produzir-330-metros-cubicos-a-partir-de-2026/				
				
https://opais.co.ao/rede-angomart-promete-chegar-a-malange-e-saurimo-ainda-este-ano/				
				
https://opais.co.ao/sector-minerio-e-banca-procuram-pontos-convergentes/				
				
https://opais.co.ao/tracados-apelativos-e-sistematicos/				
				
https://opais.co.ao/artistas-poderao-beneficiar-de-pensao-de-reforma/				
				
https://opais.co.ao/mais-de-dois-mil-professores-reforcam-sector-da-educacao-no-huambo/				
				
https://opais.co.ao/tribunal-do-huambo-condena-dois-cidadaos-por-vandalizacao-de-bens-publicos/				
				
https://opais.co.ao/professores-prejudicam-alunos-matando-aulas-em-quitumbo/				
				
https://opais.co.ao/jlo-nao-ve-coragem-na-oposicao-para-combate-a-corrupcao-como-mpla/				
				
https://opais.co.ao/prs-com-mais-de-tres-mil-delegados-de-lista-no-bie/				
				
https://opais.co.ao/apn-com-atencoes-voltadas-aos-mais-vulneraveis/				
				
https://opais.co.ao/casa-ce-leva-mensagem-de-alternancia-politica-ao-bengo/				
				
https://opais.co.ao/zaire-acolhe-abertura-da-campanha-eleitoral-da-fnla-em-homenagem-ao-lider-fundador/				
				
https://opais.co.ao/unita-mobiliza-votos-em-luanda/				
				
https://opais.co.ao/p-njango-busca-voto-e-apoio-no-cuanza-sul/				
				
https://opais.co.ao/humanistas-contra-a-exploracao-dos-grupos-mais-vulneraveis/				
				
https://opais.co.ao/carta-do-leitor-administracao-da-baia-as-escuras/				
				
https://opais.co.ao/e-de-hoje-e-o-governo-senhores/				
				
https://opais.co.ao/editorial-mortos-no-tribunal/				
				
https://opais.co.ao/vacinadas-mais-de-20-mil-pessoas-nas-ultimas-24-horas-2/				
				
https://opais.co.ao/candidato-do-mpla-acusa-oposicao-de-ter-traido-povo-em-momentos-dificeis/				
				
https://opais.co.ao/candidato-do-mpla-caca-voto-no-cuanza-sul/				
				
https://opais.co.ao/prs-promete-desenvolvimento-sustentavel-de-angola/				
				
https://opais.co.ao/apn-recolhe-votos-nos-mercados-de-luanda/				
				
https://opais.co.ao/casa-ce-quer-mudanca-positiva-e-qualitativa-em-malanje/				
				
https://opais.co.ao/fnla-promete-usar-o-dinheiro-do-petroleo-para-melhorar-a-vida-da-populacao/				
				
https://opais.co.ao/unita-defende-vigilancia-dos-angolanos-para-travar-fraude-eleitoral/				
				
https://opais.co.ao/p-jango-promete-acabar-com-os-problemas-da-juventude/				
				
https://opais.co.ao/combate-a-pobreza-na-mira-do-partido-humanista/				
				
https://opais.co.ao/engenheiro-aconselha-construtora-do-troco-xandel-xa-muteba-atender-clamor-de-camionistas/				
				
https://opais.co.ao/sagrado-coracao-quer-alargar-vantagem-diante-da-marinha/				
				
https://opais.co.ao/petro-de-luanda-defronta-mafra-fc-em-jogo-amistoso/				
				
https://opais.co.ao/faf-confirma-desistencia-do-recreativo-da-caala-do-girabola-2022-2023/				
				
https://opais.co.ao/pape-na-huila-gera-mais-de-quatro-mil-postos-de-trabalho/				
				
https://opais.co.ao/angola-exportou-103-6-milhoes-de-barris-de-petroleo-no-segundo-trimestre-de-2022/				
				
https://opais.co.ao/divida-publica-angolana-cai-para-66-do-pib/				
				
https://opais.co.ao/grupos-teatrais-disputam-premio-agostinho-neto-em-alusao-ao-centenario/				
				
https://opais.co.ao/arrancaram-as-obras-de-construcao-do-hospital-de-caluquembe/				
				
https://opais.co.ao/militar-vende-armas-a-ak-z-250-mil-a-marginais/				
				
https://opais.co.ao/sic-detem-marginais-que-mataram-subchefe-da-policia-em-malanje/				
				
https://opais.co.ao/carta-do-leitor-e-urgente-apostar-na-continuidade/				
				
https://opais.co.ao/e-de-hoje-sem-fairplay-politico/				
				
https://opais.co.ao/editorial-nao-e-bluff-diplomatico/				
				
https://opais.co.ao/actual-governo-de-gestao-com-limitacoes-impostas-por-lei/				
				
https://opais.co.ao/questoes-politicas-e-sociais-dominam-conversa-entre-joao-lourenco-e-antigo-presidente-cabo-verdiano/				
				
https://opais.co.ao/vacinadas-mais-de-23-mil-pessoas-nas-ultimas-24-horas-3/				
				
https://opais.co.ao/seleccao-de-futebol-para-amputados-conhece-adversarios-do-mundial/				
				
https://opais.co.ao/oito-equipas-disputam-o-torneio-todos-ao-voto-em-benguela/				
				
https://opais.co.ao/1o-de-agosto-aposta-na-prata-da-casa-com-o-pensamento-na-temporada-2022-2023/				
				
https://opais.co.ao/mar-do-sul-da-china-nao-e-parque-de-safari-para-paises-fora-da-regiao-diz-pequim/				
				
https://opais.co.ao/biden-desiste-da-reeleicao-para-salvar-o-seu-partido-diz-politico-dos-eua/				
				
https://opais.co.ao/igape-apresenta-hoje-relatorio-das-empresas-publicas/				
				
https://opais.co.ao/angola-debate-reducoes-das-tarifas-nas-exportacoes-na-9a-reuniao-zclca-no-gana/				
				
https://opais.co.ao/huambo-atrai-investidores-para-o-sector-da-industria/				
				
https://opais.co.ao/a-musica-em-linguas-nacionais-porta-aberta-para-obscenidades/				
				
https://opais.co.ao/pregador-comunitario-desfavoravel-a-comercializacao-da-palavra-de-deus/				
				
https://opais.co.ao/cidadao-morto-a-catana-por-cobrar-divida-de-2-mil-kwanzas/				
				
https://opais.co.ao/clube-dos-medicos-e-onusida-lancam-campanha-de-testagem-gratuita-de-infeccoes-sexualmente-transmissiveis/				
				
https://opais.co.ao/seis-criancas-foram-violadas-sexualmente-em-benguela/				
				
https://opais.co.ao/mpla-no-huambo-intensifica-accoes-de-caca-ao-voto/				
				
https://opais.co.ao/prs-vai-implementar-parlamento-bicamaral-caso-venca-as-eleicoes/				
				
https://opais.co.ao/apn-pisca-o-olho-ao-eleitorado-juvenil/				
				
https://opais.co.ao/casa-ce-reforca-dialogo-com-a-juventude-no-cuanza-norte/				
				
https://opais.co.ao/a-fnla-libertou-angola-e-vai-ser-governo/				
				
https://opais.co.ao/presidente-da-unita-reitera-compromisso-com-a-mudanca/				
				
https://opais.co.ao/partido-p-njango-caca-votos-em-benguela/				
				
https://opais.co.ao/bela-malaquias-promete-agua-gratuita-se-vencer-em-agosto/				
				
https://opais.co.ao/carta-do-leitor-mpla-mantem-compromisso-com-o-povo/				
				
https://opais.co.ao/e-de-hoje-vende-se-geradores/				
				
https://opais.co.ao/editorial-vender-sonhos/				
				
https://opais.co.ao/partidos-atacam-principais-pracas-eleitorais-na-caca-ao-voto/				
				
https://opais.co.ao/vacinadas-mais-de-18-mil-pessoas-nas-ultimas-24-horas-3/				
				
https://opais.co.ao/angola-vence-ilhas-mauricias-na-corrida-para-o-chan-2023/				
				
https://opais.co.ao/polonia-insatisfeita-com-a-oferta-de-armamento-da-alemanha/				
				
https://opais.co.ao/militares-russos-destroem-em-odessa-navio-de-guerra-ucraniano-e-deposito-de-misseis-harpoon/				
				
https://opais.co.ao/israel-alerta-russia-para-impacto-serio-do-encerramento-da-agencia-judaica-na-federacao-russa/				
				
https://opais.co.ao/bna-sanciona-47-instituicoes-com-valor-de-kz-829-milhoes/				
				
https://opais.co.ao/feira-agro-do-dande-com-volume-de-kz-20-milhoes/				
				
https://opais.co.ao/o-luto-consentido-de-isaura-massamassa/				
				
https://opais.co.ao/poemario-de-mira-clock-revisitado-no-projecto-noites-de-poesia/				
				
https://opais.co.ao/peca-mzombo-saia-usada-para-a-circuncisao-exposta-no-museu-de-antropologia/				
				
https://opais.co.ao/mortes-de-moto-taxistas-forcam-maptss-a-formar-profissionais-em-codigo-de-estrada/				
				
https://opais.co.ao/estudantes-universitarios-de-benguela-contam-com-duas-novas-infra-estrutruras/				
				
https://opais.co.ao/adolescente-mata-irmao-por-causa-de-controlo-remoto-de-tv/				
				
https://opais.co.ao/joao-lourenco-apela-ao-voto-em-honra-a-memoria-de-jes/				
				
https://opais.co.ao/prs-estreia-campanha-eleitoral-com-discurso-de-governo-inclusivo/				
				
https://opais.co.ao/apn-abre-campanha-com-caca-ao-voto-em-luanda-e-no-huambo/				
				
https://opais.co.ao/casa-ce-quer-melhores-condicoes-para-os-trabalhadores-em-angola/				
				
https://opais.co.ao/os-quatro-trunfos-do-candidato-no-4/				
				
https://opais.co.ao/acj-destaca-projecto-de-governo-da-unita-em-benguela/				
				
https://opais.co.ao/p-njango-pretende-erradicar-a-fome-no-pais-em-2023/				
				
https://opais.co.ao/humanista-reafirma-aposta-no-angolano-caso-venca-as-eleicoes/				
				
https://opais.co.ao/carta-do-leitor-o-futuro-sera-melhor/				
				
https://opais.co.ao/e-de-hoje-como-se-destroi-a-imagem-de-um-patriota/				
				
https://opais.co.ao/editorial-tiro-de-partida/				
				
https://opais.co.ao/vacinadas-mais-de-4-mil-pessoas-nas-ultimas-24-horas-3/				
				
https://opais.co.ao/td-hotels-carimba-passe-a-final-do-the-golf-cup-unitel-bfa/				
				
https://opais.co.ao/afro-veganismo/				
				
https://opais.co.ao/exercito-considera-ma-ideia-nancy-pelosi-visitar-taiwan/				
				
https://opais.co.ao/por-uma-beleza-linguistica-dialogo-com-a-paronimia/				
				
https://opais.co.ao/a-lei-impoe-sancoes-para-os-partidos-que-nao-publicarem-as-suas-contas-em-diario-da-republica/				
				
https://opais.co.ao/escola-macovi-celebra-23-anos-de-existencia/				
				
https://opais.co.ao/1o-de-agosto-realiza-assembleia-geral-ordinaria-no-dia-20-do-proximo-mes/				
				
https://opais.co.ao/espero-que-seja-definitivamente-construido-um-estadio-de-futebol-no-uige/				
				
https://opais.co.ao/objectivos-da-operacao-especial-agora-incluem-novos-territorios-alem-da-rpd-e-rpl-diz-lavrov/				
				
https://opais.co.ao/ranil-wickremesinghe-e-eleito-presidente-do-sri-lanka/				
				
https://opais.co.ao/partido-trabalhista-britanico-quer-ver-truss-como-primeira-ministra/				
				
https://opais.co.ao/expositores-destacam-bons-negocios-na-filda-2022angola/				
				
https://opais.co.ao/volume-de-negocios-em-2021-foi-de-usd-46-mil-milhoes/				
				
https://opais.co.ao/perola-verde-investe-10-bilioes-de-kwanzas-para-a-construcao-de-casas-para-as-faa/				
				
https://opais.co.ao/metodologicamente-falando-podese-sim-ampliar-os-conceitos/				
				
https://opais.co.ao/jazz-contemporaneo-e-sons-africanos-condimentam-kiela-jam/				
				
https://opais.co.ao/espectaulo-6-0-de-calabeto-no-palco-do-show-do-mes/				
				
https://opais.co.ao/cegos-terao-centro-academico-em-viana/				
				
https://opais.co.ao/mais-de-40-contratados-e-expulsos-pelo-med-alegam-vicios-no-concurso/				
				
https://opais.co.ao/pr-confiante-na-atraccao-de-investimentos-com-arranque-das-fotovoltaicas-de-benguela/				
				
https://opais.co.ao/angola-concede-nacionalidade-a-mais-de-40-cidadaos-estrangeiros/				
				
https://opais.co.ao/carta-do-leitor-a-unita-precisa-de-se-reinventar/				
				
https://opais.co.ao/e-de-hoje-o-fim-ndandulu/				
				
https://opais.co.ao/editorial-angola-nao-pode-ser-excepcao/				
				
https://opais.co.ao/vacinadas-mais-de-24-mil-pessoas-nas-ultimas-24-horas-2/				
				
https://opais.co.ao/sporting-de-luanda-ascende-a-segunda-posicao-do-nacional/				
				
https://opais.co.ao/cuando-cubango-fc-abre-oficinas-no-dia-01-de-agosto/				
				
https://opais.co.ao/interclube-oficializa-cacharamba-como-novo-director-para-o-futebol/				
				
https://opais.co.ao/seleccao-de-futebol-para-amputados-afina-tactica-com-olhos-no-mundial/				
				
https://opais.co.ao/tesouro-dos-eua-promete-medidas-duras-contra-paises-que-abusam-da-ordem-economica/				
				
https://opais.co.ao/lider-de-congresso-dos-eua-prepara-visita-a-taiwan/				
				
https://opais.co.ao/presidente-ucraniano-demite-28-funcionarios-dos-servicos-secretos/				
				
https://opais.co.ao/consorcio-trafigura-vecturis-mota-engil-vai-gerir-corredor-do-lobito/				
				
https://opais.co.ao/projecto-de-desenvolvimento-integrado-da-barra-do-dande-e-lancado-amanha/				
				
https://opais.co.ao/tenho-vaga-memoria-da-antiga-cultura-suburbana-de-luanda/				
				
https://opais.co.ao/festival-de-cinema-japones-reune-cinefilos-em-luanda/				
				
https://opais.co.ao/filda-devia-ter-um-maior-espaco-para-divulgacao-da-cultura-sugerem-visitantes/				
				
https://opais.co.ao/kwenda-traz-esperanca-de-vida-em-calandula/				
				
https://opais.co.ao/detidos-os-quatro-jovens-que-abusaram-sexualmente-menor-de-idade/				
				
https://opais.co.ao/acnur-retoma-repatriamento-de-refugiados-da-rdc/				
				
https://opais.co.ao/pr-cumpre-promessa-de-requalificacao-da-vila-urbana-e-santuario-da-muxima/				
				
https://opais.co.ao/carta-do-leitor-a-sociedade-quer-justica/				
				
https://opais.co.ao/e-de-hoje-simplifiquem-por-favor/				
				
https://opais.co.ao/editorial-hora-dos-graos/				
				
https://opais.co.ao/vacinadas-mais-de-23-mil-pessoas-nas-ultimas-24-horas-2/				
				
https://opais.co.ao/agostinho-tramagal-promete-trabalho-na-academica/				
				
https://opais.co.ao/novo-presidente-do-progresso-do-sambizanga-e-conhecido-este-sabado/				
				
https://opais.co.ao/os-tres-cenarios-que-tiraram-job-dos-campos/				
				
https://opais.co.ao/executivo-aprova-kz-22-bilioes-para-a-producao-de-graos-no-pais/				
				
https://opais.co.ao/igape-adia-publicacao-dos-relatorios-das-empresas-publicas-devido-ao-luto-nacional/				
				
https://opais.co.ao/energias-renovaveis-o-outro-negocio-da-alcaal/				
				
https://opais.co.ao/grupo-acaal-angola-aposta-na-producao-de-milho-e-algodao/				
				
https://opais.co.ao/textang-ii-motor-de-desenvolvimento-da-industria-da-moda/				
				
https://opais.co.ao/acto-discursivo-sob-o-vies-sociolinguistico-perspectiva-ideo-partidaria/				
				
https://opais.co.ao/excerto-da-obra-deste-mundo-e-do-outro-de-jose-saramago-em-exposicao/				
				
https://opais.co.ao/fazedores-de-teatro-enaltecem-exibicoes-de-performances-na-17a-edicao-do-festeca/				
				
https://opais.co.ao/dois-meliantes-mortos-a-pancada-depois-de-assaltarem-uma-igreja/				
				
https://opais.co.ao/minsa-preve-vacinar-contra-o-sarampo-mais-de-um-milhao-de-criancas/				
				
https://opais.co.ao/agente-da-policia-dispara-mortalmente-contra-duas-pessoas-em-benguela/				
				
https://opais.co.ao/relatorio-dos-cinco-anos-de-mandato-recebe-luz-verde-do-conselho-de-ministros/				
				
https://opais.co.ao/unita-insiste-no-gip/				
				
https://opais.co.ao/obea-chumbada-de-fiscalizar-as-eleicoes/				
				
https://opais.co.ao/carta-do-leitor-unita-deve-seguir-os-passos-do-mpla/				
				
https://opais.co.ao/e-de-hoje-para-estocolmo-nao-vou/				
				
https://opais.co.ao/editorial-um-passo-gigante/				
				
https://opais.co.ao/hotel-intercontinental-estreia-em-presencas-na-filda/				
				
https://opais.co.ao/alexandre-ribeiro-promete-bom-futebol-no-sagrada-esperanca/				
				
https://opais.co.ao/1o-de-agosto-passeia-classe-diante-do-electro-do-lobito/				
				
https://opais.co.ao/fab-anuncia-lista-de-preconvocados-para-a-ultima-janela-de-acesso-ao-mundial/				
				
https://opais.co.ao/assassino-de-shinzo-abe-enviou-carta-indicando-intencao-de-o-atacar-segundo-midia/				
				
https://opais.co.ao/contrarios-a-biden-sauditas-negam-declaracoes-sobre-1o-passo-para-lacos-com-israel/				
				
https://opais.co.ao/probetao-inicia-producao-em-nova-fabrica-na-zee/				
				
https://opais.co.ao/a-viagem-para-o-interior/				
				
https://opais.co.ao/criadores-consideram-filda-2022-ideal-meio-para-a-expansao-da-cultura-do-pais/				
				
https://opais.co.ao/pesquisadora-americana-documenta-vida-e-historia-da-rainha-njinga-mbande/				
				
https://opais.co.ao/quimica-verde-vai-levar-agua-por-filtros-artesanais-ao-soyo-com-o-empurrao-da-clariant/				
				
https://opais.co.ao/cerca-de-1500-pessoas-morrem-anualmente-de-tuberculose-no-pais/				
				
https://opais.co.ao/unita-acusa-mpla-de-investir-seriamente-na-corrupcao-eleitoral/				
				
https://opais.co.ao/intensificacao-da-pre-campanha-regressa-a-formula-inicial/				
				
https://opais.co.ao/nao-estou-na-politica-ao-servico-de-alguem/				
				
https://opais.co.ao/carta-do-leitor-no-adeus-ao-patriota/				
				
https://opais.co.ao/e-de-hoje-benguela-california-e-arredores/				
				
https://opais.co.ao/editorial-mais-uma-biblioteca/				
				
https://opais.co.ao/manuel-nunes-junior-destaca-retoma-da-economia-angolana-na-abertura-da-filda/				
				
https://opais.co.ao/gatronomia-danca-e-moda-angolana-em-alta-na-37-edicao-da-filda/				
				
https://opais.co.ao/centro-integrado-de-atendimento-a-crianca-e-adolescente-inaugurado-na-huila/				
				
https://opais.co.ao/sic-com-novas-condicoes-para-garantir-combate-a-criminalidade-na-huila/				
				
https://opais.co.ao/angola-perde-frente-ao-cabo-verde-nos-quartos-do-africano/				
				
https://opais.co.ao/primeiro-conselho-de-comandantes-analisa-seguranca-publica-na-huila/				
				
https://opais.co.ao/o-ex-presidente-sempre-olhou-para-o-desporto-como-prioridade/				
				
https://opais.co.ao/dos-santos-um-homem-talhado-para-o-desporto/				
				
https://opais.co.ao/a-visao-economica-de-jes-e-seus-resultados/				
				
https://opais.co.ao/kiev-corta-relacoes-diplomaticas-com-coreia-do-norte/				
				
https://opais.co.ao/o-alto-preco-da-ingratidao-um-dificil-adeus-ao-presidente/				
				
https://opais.co.ao/jes-foi-um-presidente-extraordinario-ate-2008/				
				
https://opais.co.ao/carta-do-leitor-buracos-no-sao-paulo-em-luanda/				
				
https://opais.co.ao/e-de-hoje-o-dilema-de-um-acordo/				
				
https://opais.co.ao/editorial-um-cidadao-do-mundo/				
				
https://opais.co.ao/reserva-estrategica-e-nova-politica-cambial-ditaram-queda-da-inflacao/				
				
https://opais.co.ao/futebol-feminino-na-agenda-da-assembleia-geral-do-petro/				
				
https://opais.co.ao/meighan-simmons-confiante-na-conquista-do-nacional-da-boa-ao-cesto/				
				
https://opais.co.ao/guerreiros-terminam-invictos-no-grupo-d-do-africano-do-egipto/				
				
https://opais.co.ao/raisi-visita-de-biden-ao-medio-oriente-nao-trara-seguranca-a-israel/				
				
https://opais.co.ao/primeiro-ministro-do-sri-lanka-foi-nomeado-presidente-interino/				
				
https://opais.co.ao/filha-de-putin-assume-cargo-para-ajudar-russia-a-atenuar-sancoes/				
				
https://opais.co.ao/banco-mundial-vai-disponibilizar-mais-de-usd-300-milhoes-para-financiar-camponeses/				
				
https://opais.co.ao/uif-autoriza-bloqueio-de-operacoes-suspeitas-no-valor-de-kz-102-mil-milhoes/				
				
https://opais.co.ao/canal-de-cafu-colhe-os-primeiros-produtos/				
				
https://opais.co.ao/mais-de-20-artistas-imortalizam-zedu-em-musica/				
				
https://opais.co.ao/apartidarismo-vs-cidadania-um-breve-olhar-sob-uma-perspectiva-hodierna/				
				
https://opais.co.ao/exposicao-criatividade-infinita-da-superbrands-patente-em-luanda/				
				
https://opais.co.ao/vicios-deixam-cair-processo-crime-contra-jornalista-da-radio-mais-na-huila/				
				
https://opais.co.ao/anaso-quer-resgatar-empenho-na-luta-contra-o-vih-malaria-e-tb/				
				
https://opais.co.ao/unita-recolhe-contribuicoes-de-verbas-para-suporte-da-campanha-eleitoral/				
				
https://opais.co.ao/administrador-sob-mira-da-pgr-em-benguela-queixa-se-de-cabala-contra-si/				
				
https://opais.co.ao/partidos-emergentes-lideram-posicao-no-boletim-de-votos/				
				
https://opais.co.ao/carta-do-leitor-venda-desordenada/				
				
https://opais.co.ao/e-de-hoje-elucubracoes-eleitorais/				
				
https://opais.co.ao/editorial-o-sorteio/				
				
https://opais.co.ao/vacinadas-mais-de-25-mil-pessoas-nas-ultimas-24-horas-5/				
				
https://opais.co.ao/cne-define-tempo-de-antena-na-televisao-e-radio/				
				
https://opais.co.ao/filda-arranca-no-sabado-com-mais-de-600-empresas/				
				
https://opais.co.ao/academica-do-lobito-oficializa-agostinho-trama/				
				
https://opais.co.ao/1o-de-agosto-assina-livro-de-condolencias-em-memoria-do-antigo-presidente/				
				
https://opais.co.ao/angola-carimba-passe-para-os-quartos-de-final-do-africano-do-egipto/				
				
https://opais.co.ao/sucessor-de-boris-johnson-e-anunciado-a-05-de-setembro/				
				
https://opais.co.ao/papa-diz-que-mundo-esta-a-viver-uma-iii-guerra-mundial-aos-bocadinhos/				
				
https://opais.co.ao/putin-viaja-para-teerao-no-dia-19-de-julho/				
				
https://opais.co.ao/um-portal-do-investidor-capta-titulos-na-ordem-dos-kz-1-45137-milhao/				
				
https://opais.co.ao/receita-bruta-do-petroleo-atinge-usd-10-12-mil-milhoes/				
				
https://opais.co.ao/o-c-i-t-a-e-o-controlo-pidesco-de-seus-associados/				
				
https://opais.co.ao/ii-edicao-do-beevok-fashion-week-junta-estilistas-angolanos-e-mocambicanos/				
				
https://opais.co.ao/exibicoes-de-performances-no-festeca-reajustadas-em-cumprimento-do-luto-nacional/				
				
https://opais.co.ao/generais-dino-e-kopelipa-arrastam-carlos-feijo-e-francisco-de-lemos-ao-tribunal-como-testemunhas/				
				
https://opais.co.ao/afogamentos-reduzem-de-21-para-quatro-semanais-neste-trimestre/				
				
https://opais.co.ao/jornalista-da-radio-mais-huila-julgado-por-denunciar-acto-de-corrupcao-no-sic/				
				
https://opais.co.ao/os-normativos-que-sustentam-o-sistema-financeiro-angolano-sao-do-presidente-jes-resultantes-dos-sucessivos-programas-de-restruturacao-da-economia-nacional/				
				
https://opais.co.ao/a-merecida-homenagem-a-eduardo-dos-santos-na-huila/				
				
https://opais.co.ao/o-diplomata-com-visao-global-na-resolucao-de-conflitos/				
				
https://opais.co.ao/cne-define-hoje-posicionamento-das-candidaturas-no-boletim-de-voto/				
				
https://opais.co.ao/oposicao-enaltece-aumento-das-verbas-para-a-campanha-eleitoral/				
				
https://opais.co.ao/carta-do-leitor-bandidos-na-paragem-da-mutamba/				
				
https://opais.co.ao/e-de-hoje-ja-cheira-a-alho/				
				
https://opais.co.ao/editorial-honra-ao-arquitecto/				
				
https://opais.co.ao/vacinadas-mais-de-28-mil-pessoas-nas-ultimas-24-horas/				
				
https://opais.co.ao/sagrada-esperanca-abre-temporada-2022-2023/				
				
https://opais.co.ao/nacional-feminino-de-andebol-pode-arrancar-no-sabado/				
				
https://opais.co.ao/angola-vence-zambia-e-espreita-quartos-de-final-do-africano-do-egipto/				
				
https://opais.co.ao/visita-de-biden-a-arabia-saudita-e-adiada-por-preocupacoes-de-saude/				
				
https://opais.co.ao/chefe-da-diplomacia-dos-eua-presta-homenagem-a-shinzo-abe/				
				
https://opais.co.ao/presidente-do-sri-lanka-demitiu-se-formalmente/				
				
https://opais.co.ao/estamos-dispostos-a-trabalhar-e-levar-a-arte-em-todos-os-lugares/				
				
https://opais.co.ao/cerca-de-3-mil-contratos-de-compra-de-producao-assinados-em-cinco-anos/				
				
https://opais.co.ao/alemas-franceses-e-chineses-estao-interessados-em-entrar-na-rede-camponesa/				
				
https://opais.co.ao/nao-se-deve-ensinar-o-que-nao-se-fala/				
				
https://opais.co.ao/meliantes-vestem-se-de-mulher-para-realizar-assaltos-no-bairro-boa-esperanca/				
				
https://opais.co.ao/inac-regista-mais-de-400-casos-de-violencia-contra-a-crianca-em-cinco-dias/				
				
https://opais.co.ao/membros-das-mesas-de-voto-em-formacao/				
				
https://opais.co.ao/tc-entrega-a-cne-listas-definitivas-de-candidatos/				
				
https://opais.co.ao/angola-rende-homenagem-ao-arquitecto-da-paz/				
				
https://opais.co.ao/nao-se-prendem-pessoas-em-dias-de-obito/				
				
https://opais.co.ao/carta-do-leitor-desorganizacao-no-sao-paulo/				
				
https://opais.co.ao/e-de-hoje-fogos-de-artificio/				
				
https://opais.co.ao/editorial-o-legado-do-arquitecto-da-paz/				
				
https://opais.co.ao/vacinadas-mais-de-25-mil-pessoas-nas-ultimas-24-horas-4/				
				
https://opais.co.ao/minsa-contrata-expatriados-para-formar-quadros-para-hospitais-diferenciados/				
				
https://opais.co.ao/angola-conquista-titulos-no-africano-de-jovens/				
				
https://opais.co.ao/fc-porto-lamenta-morte-do-antigo-presidente-da-republica/				
				
https://opais.co.ao/palancas-negras-caem-aos-pes-do-botswana-na-cosafa/				
				
https://opais.co.ao/futuro-de-biden-na-presidencia-dos-eua-nublado-por-economia-e-aborto/				
				
https://opais.co.ao/boris-johnson-cogita-deixar-a-politica-de-uma-vez-por-todas/				
				
https://opais.co.ao/primeiro-os-humanos-os-excessivamente-humanos-so-depois-os-condenados-da-terra/				
				
https://opais.co.ao/ministro-descarta-descentralizacao-apesar-de-atrasos-na-emissao-de-bi/				
				
https://opais.co.ao/o-protocolo-da-colocacao-da-bandeira-a-meia-haste/				
				
https://opais.co.ao/jose-eduardo-dos-santos-foi-um-homem-do-desporto/				
				
https://opais.co.ao/com-a-gestao-de-jes-o-modelo-economico-deu-maior-abertura-ao-exterior/				
				
https://opais.co.ao/as-impressoes-digitais-de-jes-no-desenvolvimento-da-banca-angolana/				
				
https://opais.co.ao/carlos-lamartine-cantou-jose-eduardo-dos-santos/				
				
https://opais.co.ao/jes-ultrapassou-a-cor-partidaria/				
				
https://opais.co.ao/marcos-barrica-deu-prestigio-a-nossa-diplomacia/				
				
https://opais.co.ao/o-quarto-dia-de-luto-pelo-combatente-da-paz/				
				
https://opais.co.ao/o-jovem-de-luanda-empossado-como-presidente-da-republica/				
				
https://opais.co.ao/carta-do-leitor-desordem-na-centralidade-do-kilamba/				
				
https://opais.co.ao/e-de-hoje-patriota-ate-ao-fim/				
				
https://opais.co.ao/editorial-vidas-que-se-perdem-nas-estradas/				
				
https://opais.co.ao/vacinadas-mais-de-5-mil-pessoas-nas-ultimas-24-horas-4/				
				
https://opais.co.ao/governo-negocia-com-familia-de-jes-os-termos-dos-procedimentos-das-exequias/				
				
https://opais.co.ao/presidente-de-cuba-decreta-luto-oficial-em-homenagem-a-jose-eduardo-dos-santos/				
				
https://opais.co.ao/joao-lourenco-apresenta-condolencias-a-familia-do-antigo-presidente-da-republica/				
				
https://opais.co.ao/conselho-de-seguranca-da-onu-homenageia-jes/				
				
https://opais.co.ao/sorteio-para-definir-a-ordem-no-boletim-de-voto-pode-acontecer-nos-proximos-dias/				
				
https://opais.co.ao/angola-em-luto-de-cinco-dias/				
				
https://opais.co.ao/nos-estamos-a-contar-com-a-presenca-de-todos-familiares-de-jes-sem-excepcao-de-ninguem/				
				
https://opais.co.ao/carolina-cerqueira-coordena-organizacao-das-exequias-de-jose-eduardo-dos-santos/				
				
https://opais.co.ao/eles-os-pais-vivem-para-sempre-dentro-de-nos-diz-tchize-dos-santos/				
				
https://opais.co.ao/turismo-fica-caro-nas-lundas-e-no-cunene-por-falta-de-estradas/				
				
https://opais.co.ao/morreu-jose-eduardo-dos-santos/				
				
https://opais.co.ao/palancas-encerram-grupo-a-da-cosafa-com-o-botswana/				
				
https://opais.co.ao/vou-deixar-de-praticar-jiu-jitsu-brasileiro/				
				
https://opais.co.ao/boris-johnson-renuncia-ao-cargo-de-primeiroministro-do-reino-unido-relata-midia/				
				
https://opais.co.ao/capitolio-ex-advogado-da-casa-branca-vai-testemunhar-sobre-ataque/				
				
https://opais.co.ao/eua-e-reino-unido-accionam-novos-alarmes-sobre-espionagem-chinesa/				
				
https://opais.co.ao/ucrania-nova-zelandia-critica-incapacidade-do-conselho-de-seguranca-da-onu/				
				
https://opais.co.ao/o-racismo-cultural-e-fundamental-de-nelson-piquet/				
				
https://opais.co.ao/refinaria-de-luanda-vai-poupar-usd-300-milhoes-anual-com-a-importacao-de-combustiveis/				
				
https://opais.co.ao/ine-diz-que-contas-nacionais-sao-fiaveis-e-baseadas-na-metodologia-do-fmi/				
				
https://opais.co.ao/ensino-superior-privado-um-autentico-faroeste/				
				
https://opais.co.ao/o-executivo-deve-apostar-mais-em-politicas-de-estado-para-o-fomento-cultural/				
				
https://opais.co.ao/celinnho-bolsonaro-e-o-almoco-gratis/				
				
https://opais.co.ao/quibala-e-libolo-preocupam-a-policia-no-cuanza-sul/				
				
https://opais.co.ao/para-o-africano-o-insucesso-nunca-vem-por-acaso-procura-sempre-culpar-alguem/				
				
https://opais.co.ao/alivio-aos-conterraneos-de-neto-so-com-contencao-de-enchentes-do-rio-e-estrada/				
				
https://opais.co.ao/vitimas-da-crenca-no-feiticismo/				
				
https://opais.co.ao/e-mau-o-aproveitamento-politico-em-torno-da-saude-do-presidente-eduardo-dos-santos/				
				
https://opais.co.ao/rivais-medem-forcas-em-luanda/				
				
https://opais.co.ao/carta-do-leitor-mais-atencao-com-as-minas/				
				
https://opais.co.ao/e-de-hoje-tic-tac-tic-tac/				
				
https://opais.co.ao/editorial-haja-tolerancia-e-civismo/				
				
https://opais.co.ao/seleccao-junior-feminina-de-andebol-homenageada/				
				
https://opais.co.ao/assembleia-geral-do-interclube-adiada-sine-die/				
				
https://opais.co.ao/palancas-procuram-segunda-vitoria-na-taca-cosafa/				
				
https://opais.co.ao/partido-democrata-planeia-descartar-biden-segundo-fox-news/				
				
https://opais.co.ao/tribunal-geral-da-ue-rejeita-recurso-de-puigdemont-contra-parlamento-europeu/				
				
https://opais.co.ao/lider-sul-africano-presente-no-funeral-de-jovens-mortos-em-discoteca/				
				
https://opais.co.ao/ue-marca-conferencia-de-alto-nivel-para-o-verao/				
				
https://opais.co.ao/programa-de-combate-a-probreza-consome-mais-de-kz-8-mil-milhoes/				
				
https://opais.co.ao/investimento-por-nao-residentes-cambiais-e-debatido-hoje/				
				
https://opais.co.ao/documento-unico-para-exportacao-e-importacao-entra-em-vigor-em-setembro/				
				
https://opais.co.ao/o-cheiro-da-sombra/				
				
https://opais.co.ao/kindala-e-mbiavanga-estreiam-se-nas-artes-plasticas-com-exibicao-fotografica/				
				
https://opais.co.ao/projecto-sextarte-destaca-oficina-de-jornalismo-cultural/				
				
https://opais.co.ao/yola-balanga-inaugura-exposicao-sobre-os-problemas-sociais-que-afectam-o-universo-da-mulher/				
				
https://opais.co.ao/explosao-de-mina-mata-seis-pessoas-e-fere-duas-em-menongue/				
				
https://opais.co.ao/sindicalistas-alertam-para-nova-onda-de-greves-apos-as-eleicoes/				
				
https://opais.co.ao/cimeira-de-luanda-cessa-conflito-entre-ruanda-e-rdc/				
				
https://opais.co.ao/costa-junior-e-dom-gabriel-mbilingui-abordam-observacao-eleitoral-e-apelam-a-tolerancia/				
				
https://opais.co.ao/tc-publica-hoje-lista-provisoria-das-candidaturas-admitidas/				
				
https://opais.co.ao/carta-do-leitor-felicidades-bravas-meninas/				
				
https://opais.co.ao/e-de-hoje-cannabiando/				
				
https://opais.co.ao/editorial-a-reconciliacao-entre-rdc-e-ruanda/				
				
https://opais.co.ao/vacinadas-mais-de-27-mil-pessoas-nas-ultimas-24-horas-3/				
				
https://opais.co.ao/nao-existem-pessoas-que-sejam-estranhas-a-um-partido-a-serem-deputados/				
				
https://opais.co.ao/marginal-detido-por-burlar-o-seu-proprio-advogado/				
				
https://opais.co.ao/discursos-insultuosos-inquieta-missao-de-observadores-eleitorais/				
				
https://opais.co.ao/chefes-das-diplomacias-dos-eua-e-da-china-reunem-se-esta-semana/				
				
https://opais.co.ao/ciclistas-nacionais-pedalam-na-cidade-de-icolo-e-bengo/				
				
https://opais.co.ao/interclube-e-jo-paciencia-chegam-a-acordo/				
				
https://opais.co.ao/palancas-vergam-comores-e-estao-de-olhos-nas-seycheles/				
				
https://opais.co.ao/mais-de-100-detidos-em-operacao-em-22-paises-contra-trafico-humano/				
				
https://opais.co.ao/sector-petrolifero-arrecadou-kz-35-bilioes-em-cinco-meses/				
				
https://opais.co.ao/executivo-disponibiliza-mais-de-2mil-milhoes-de-kwanzas-para-estagios-profissionais-de-jovens/				
				
https://opais.co.ao/minea-garante-expandir-eletricidade-as-zonas-rurais-ate-2023/				
				
https://opais.co.ao/angola-ja-foi-o-viveiro-socio-recreativo-de-portugal/				
				
https://opais.co.ao/dina-santos-e-eddy-tussa-no-palco-do-muzongue-da-tradicao/				
				
https://opais.co.ao/municipio-do-dande-ganha-nova-dimensao-no-dominio-das-artes/				
				
https://opais.co.ao/jovem-morto-por-roubar-semente-de-melancia/				
				
https://opais.co.ao/cidadao-detido-por-abuso-sexual-da-irma-de-13-anos/				
				
https://opais.co.ao/luanda-acolhe-hoje-cimeira-para-acalmar-tensao-entre-o-congo-e-ruanda/				
				
https://opais.co.ao/carta-do-leitor-jovem-viola-irma-na-catumbela/				
				
https://opais.co.ao/e-de-hoje-nosso-rico-dinheirinho/				
				
https://opais.co.ao/editorial-encontro-pela-paz/				
				
https://opais.co.ao/vacinadas-mais-de-27-mil-pessoas-nas-ultimas-24-horas-2/				
				
https://opais.co.ao/samy-matias-mais-proximo-do-ask-dragao-do-uige/				
				
https://opais.co.ao/portugal-e-o-palco-do-estagio-do-petro/				
				
https://opais.co.ao/palancas-negras-comecam-campanha-na-taca-cosafa/				
				
https://opais.co.ao/covid-19-china-confina-17-milhoes-para-conter-novos-surtos-no-leste/				
				
https://opais.co.ao/ex-primeira-ministra-ucraniana-diz-que-acordo-de-paz-e-uma-ilusao-e-que-unica-saida-e-destruir-putin/				
				
https://opais.co.ao/suspeito-detido-no-tiroteio-na-dinamarca-tem-22-anos/				
				
https://opais.co.ao/fabrica-de-processamento-de-pescado-abre-hoje-em-luanda/				
				
https://opais.co.ao/bancos-e-imobiliarias-abordam-caminhos-faceis-para-acesso-ao-credito-habitacional/				
				
https://opais.co.ao/hipoteca-seguro-de-vida-e-fianca-determinantes-para-aceder-ao-credito-a-habitacao/				
				
https://opais.co.ao/escombro-da-existencia/				
				
https://opais.co.ao/memorias-de-lugares-e-simbolos-de-angola-dao-corpo-ao-pagode-promocional-lembrancas-de-billie-lasko/				
				
https://opais.co.ao/protocolo-entre-o-inefop-e-a-globo-dikulu-marca-abertura-da-17a-edicao-do-festeca/				
				
https://opais.co.ao/paciente-com-mama-desfeita-por-cancro-clama-por-apoio/				
				
https://opais.co.ao/obras-emergenciais-em-benguela-podem-gerar-mais-de-10-mil-postos-de-trabalho/				
				
https://opais.co.ao/sindicato-critica-inauguracao-de-hospitais-sem-formacao-de-quadros/				
				
https://opais.co.ao/joao-lourenco-reafirma-empenho-na-relacao-com-os-eua/				
				
https://opais.co.ao/associacoes-filantropicas-terao-ate-tres-anos-para-concessao-do-estatuto-de-utilidade-publica/				
				
https://opais.co.ao/casa-ce-vai-recrutar-60-mil-delegados-para-fiscalizar-as-eleicoes/				
				
https://opais.co.ao/prs-na-lunda-sul-confiante-na-vitoria-em-agosto/				
				
https://opais.co.ao/carta-do-leitor-desordem-na-pedonal-do-pedale/				
				
https://opais.co.ao/e-de-hoje-os-nossos-estadios/				
				
https://opais.co.ao/editorial-policia-angolana-na-pacificacao-do-sudao/				
				
https://opais.co.ao/vacinadas-mais-de-27-mil-pessoas-nas-ultimas-24-horas/				
				
https://opais.co.ao/aceleracao-das-obras-da-centralidade-de-caxito-satisfaz-pr/				
				
https://opais.co.ao/economista-levanta-duvidas-sobre-contas-apresentada-pelo-ine/				
				
https://opais.co.ao/angola-garante-presenca-na-ultima-janela-de-acesso-ao-mundial/				
				
https://opais.co.ao/campeonato-gira-cambambe-conta-com-a-participacao-de-10-equipas/				
				
https://opais.co.ao/alexandre-ribeiro-rende-roque-sapiri-no-sagrada-esperanca/				
				
https://opais.co.ao/girabola-2022-2023-arranca-a-03-de-setembro/				
				
https://opais.co.ao/ministro-da-economia-alemao-teria-sub-dimensionado-dependencia-do-petroleo-russo-diz-jornal/				
				
https://opais.co.ao/polonia-inicia-actividades-para-desmembrar-ucrania-com-aprovacao-de-kiev-diz-inteligencia-russa/				
				
https://opais.co.ao/pr-dos-eua-inicia-processo-para-congresso-americano-avaliar-ampliacao-da-otan/				
				
https://opais.co.ao/consultora-oxford-economics-diz-que-financiamento-barato-em-africa-e-uma-coisa-do-passado/				
				
https://opais.co.ao/preco-do-barril-de-petroleo-abaixo-dos-120-dolares-ha-duas-semanas/				
				
https://opais.co.ao/o-enriquecimento-vocabulario-do-portugues-atraves-de-prefixos-em-kimbundu/				
				
https://opais.co.ao/festival-infanto-juvenil-nzoji-ya-monandengue-acolhe-mais-de-250-participacoes-na-2a-edicao/				
				
https://opais.co.ao/manjoja-o-talento-invisual-que-brilha-a-beira-da-estrada-nacional-100/				
				
https://opais.co.ao/doentes-renais-clamam-por-subsidio-alimentar-e-medicamentos/				
				
https://opais.co.ao/implementacao-de-politicas-publicas-aceleram-desenvolvimento-de-caxito/				
				
https://opais.co.ao/correccao-das-insuficiencias-as-eleicoes-nao-tera-prorrogacao-alerta-tc/				
				
https://opais.co.ao/carta-do-leitor-meninas-perdidas-na-prostituicao/				
				
https://opais.co.ao/e-de-hoje-as-chaves-de-luanda/				
				
https://opais.co.ao/editorial-sem-prorrogacao-para-os-partidos/				
				
https://opais.co.ao/inicio-de-uma-viagem-aos-cinco-anos-de-governacao-de-joao-lourenco/				
				
https://opais.co.ao/vacinadas-mais-de-5-mil-pessoas-nas-ultimas-24-horas-3/				
				
https://opais.co.ao/134818-2/				
				
https://opais.co.ao/mpla-no-bengo-reitera-apoio-ao-seu-lider/				
				
https://opais.co.ao/presidente-do-mpla-anuncia-construcao-da-zona-economica-da-barra-do-dande/				
				
https://opais.co.ao/joao-lourenco-garante-conclusao-do-hospital-de-caxito-proximo-ano/				
				
https://opais.co.ao/presidente-do-mpla-apela-ao-voto-certo-no-seu-partido/				
				
https://opais.co.ao/carencia-de-servicos-de-hotelaria-e-restauracao-agasta-turistas-em-caxito/				
				
https://opais.co.ao/caxito-tera-centro-desportivo-paraolimpico/				
				
https://opais.co.ao/concluida-primeira-fase-das-vias-urbanas-de-caxito/				
				
https://opais.co.ao/general-antonio-lamas-xavier-elevado-a-chefe-de-estado-maior-da-forca-africana-de-alerta/				
				
https://opais.co.ao/sagrada-esperanca-contrata-tecnico-estrangeiro/				
				
https://opais.co.ao/1o-de-agosto-tambem-se-fecha-quanto-ao-valor-do-investimento/				
				
https://opais.co.ao/investimento-para-a-proxima-epoca-esta-fechado-a-sete-chaves/				
				
https://opais.co.ao/equipas-do-girabola-nao-abrem-o-jogo-quanto-a-nova-epoca/				
				
https://opais.co.ao/nato-reconhece-russia-como-a-maior-ameaca-mas-china-tambem-preocupa/				
				
https://opais.co.ao/australia-quer-retomar-negociacoes-de-acordo-de-comercio-livre-com-a-ue/				
				
https://opais.co.ao/malnutricao-cronica-em-criancas-em-angola-um-desafio-ingente-para-o-desenvolvimento-sustentavel/				
				
https://opais.co.ao/estados-unidos-prometem-apoiar-inventariacao-florestal-em-angola/				
				
https://opais.co.ao/aumento-de-transferencia-de-moeda-estrangeira-podera-regular-a-economia/				
				
https://opais.co.ao/cabinda-espera-por-mais-investimentos-com-o-novo-pacote-especial-de-impostos/				
				
https://opais.co.ao/o-impacto-do-etno-na-lingua-um-olhar-analitico-ao-cruzamento-entre-a-cultura-e-a-lingua/				
				
https://opais.co.ao/retirada-do-jacare-bangao-provoca-pesadelos-aos-populares-e-cria-protestos/				
				
https://opais.co.ao/julio-o-padre-santo-da-cracolandia/				
				
https://opais.co.ao/advogados-dizem-que-lussati-e-o-sobrinho-foram-torturados/				
				
https://opais.co.ao/apreendidas-sete-viaturas-com-depositos-adulterados-por-contrabando-internacional-de-combustivel/				
				
https://opais.co.ao/piim-alavanca-o-sector-social-em-cambambe/				
				
https://opais.co.ao/contendas-a-volta-da-saude-de-jes-revolta-veteranos-do-mpla/				
				
https://opais.co.ao/reducao-das-verbas-encurrala-pre-campanha-e-gera-protestos-aos-concorrentes-as-eleicoes/				
				
https://opais.co.ao/carta-do-leitor-bom-trabalho-da-policia-nacional-2/				
				
https://opais.co.ao/e-de-hoje-teste-de-paciencia/				
				
https://opais.co.ao/editorial-jes/				
				
https://opais.co.ao/governo-preve-realizar-censo-piloto-da-populacao/				
				
https://opais.co.ao/eugenio-laborinho-quer-promover-equilibrio-do-genero-os-orgaos-do-minint/				
				
https://opais.co.ao/reino-dos-paises-baixos-quer-reforcar-a-cooperacao-com-angola-no-combate-aos-fluxos-financeiros-ilicitos/				
				
https://opais.co.ao/tribunal-decide-manter-prisao-de-pares-de-lussati-para-evitar-fuga/				
				
https://opais.co.ao/victor-muzadi-caca-talentos-no-torneio-anual-de-basquetebol-de-rua/				
				
https://opais.co.ao/seleccoes-de-tenis-de-mesa-entram-em-accao-na-regiao-5/				
				
https://opais.co.ao/angola-espreita-meiasfinais-do-mundial-junior-feminino-de-andebol/				
				
https://opais.co.ao/estados-unidos-anunciam-sancoes-contra-industria-militar-russa/				
				
https://opais.co.ao/uniao-africana-teme-escalada-de-tensao-militar-entre-a-etiopia-e-o-sudao/				
				
https://opais.co.ao/sonangol-interessada-em-manter-contrato-com-sonamet/				
				
https://opais.co.ao/425-participacoes-confirmadas-na-fi-lda/				
				
https://opais.co.ao/mais-de-90-das-empresas-que-prestam-servico-a-catoca-estao-no-leste/				
				
https://opais.co.ao/termina-hoje-o-prazo-para-o-pagamento-do-ivm/				
				
https://opais.co.ao/escrever-e-como-colocar-um-tijolo-na-construcao-de-uma-nacao/				
				
https://opais.co.ao/centro-de-formacao-feminina-do-rangel-passa-a-contar-com-cursos-de-educacao-musical-e-teatro/				
				
https://opais.co.ao/eduardo-paim-revisita-sucessos-musicais-no-projecto-tarde-do-semba/				
				
https://opais.co.ao/mais-de-200-mil-cidadaos-perderam-o-emprego-nos-ultimos-cinco-anos/				
				
https://opais.co.ao/unesco-apela-ao-aumento-de-investimento-na-educacao-para-evitar-desigualdades-sociais/				
				
https://opais.co.ao/mais-de-100-comites-de-direitos-humanos-instalados-em-todo-o-pais/				
				
https://opais.co.ao/pr-preocupado-com-saude-de-jose-eduardo-dos-santos-e-reforca-apoio-do-executivo/				
				
https://opais.co.ao/unita-e-casa-ce-corrigem-insuficiencias-nas-listas-de-candidatura/				
				
https://opais.co.ao/piim-executa-mais-de-30-projectos-em-saurimo/				
				
https://opais.co.ao/angola-marca-presenca-na-assembleia-da-itso/				
				
https://opais.co.ao/carta-do-leitor-o-piim-nao-e-pimpa/				
				
https://opais.co.ao/e-de-hoje-a-covid-19-ainda-anda-por-ai/				
				
https://opais.co.ao/editorial-emprego/				
				
https://opais.co.ao/vacinadas-mais-de-25-mil-pessoas-nas-ultimas-24-horas-3/				
				
https://opais.co.ao/advogados-tentam-recuperar-salarios-de-companheiros-de-lussati/				
				
https://opais.co.ao/adao-de-almeida-e-francisco-furtado-entre-os-requisitados-no-caso-lussati/				
				
https://opais.co.ao/federacao-assegura-alojamento-dos-fundistas-estrangeiros-da-sao-silvestre-2021/				
				
https://opais.co.ao/seleccao-de-jiu-jitsu-acelera-preparacao-para-o-africano/				
				
https://opais.co.ao/kabuscorp-e-sporting-de-benguela-acertam-hoje-19-a-ronda-nos-coqueiros/				
				
https://opais.co.ao/sagrada-esperanca-da-lunda-norte-nega-jogar-segunda-mao-da-supertaca/				
				
https://opais.co.ao/opositor-russo-alexei-navalny-condenado-por-crimes-de-fraude-e-peculato-alem-de-desrespeito-pelo-tribunal/				
				
https://opais.co.ao/russia-nega-estar-a-preparar-ciberataques-contra-os-estados-unidos/				
				
https://opais.co.ao/zelensky-reforca-abdicar-da-adesao-a-nato-em-troca-de-cessar-fogo/				
				
https://opais.co.ao/empresarios-nacionais-querem-parcerias-com-europeus/				
				
https://opais.co.ao/bda-abre-agencia-regional-em-benguela/				
				
https://opais.co.ao/angola-alinha-sector-da-aviacao-as-normas-internacionais-2/				
				
https://opais.co.ao/producao-petrolifera-da-russia-pode-cair-cerca-de-30-em-abril/				
				
https://opais.co.ao/falta-de-dinheiro-encrava-renovacao-e-construcao-de-estradas-no-cuanza-norte/				
				
https://opais.co.ao/interaccao-social-o-veu-do-tomar-cafe/				
				
https://opais.co.ao/lopito-feijoo-presente-na-conferencia-sobre-literaturas-africanas-em-marrocos/				
				
https://opais.co.ao/festival-internacional-de-cinema-documental-e-realizado-em-luanda-com-varias-participacoes/				
				
https://opais.co.ao/intercambio-cultural-resulta-em-concerto-entre-artistas-nacionais-e-israelitas/				
				
https://opais.co.ao/huawei-e-ministerio-do-ensino-superior-ciencia-tecnologia-e-inovacao-lancam-bolsa-angola-national-ict-star/				
				
https://opais.co.ao/feirantes-acusam-agentes-da-pn-de-desviar-produtos-removidos-do-mercado-da-mbaulo/				
				
https://opais.co.ao/agente-do-sic-detido-por-suposto-envolvimento-nas-agressoes-do-caso-angofoot/				
				
https://opais.co.ao/professor-transformou-o-colegio-em-cemiterio-das-suas-duas-vitimas/				
				
https://opais.co.ao/africa-austral-presta-hoje-tributo-aos-combatentes-da-liberdade/				
				
https://opais.co.ao/bornito-de-sousa-assegura-agua-de-qualidade-as-populacoes/				
				
https://opais.co.ao/localizadas-ossadas-de-nito-alves-sita-vales-e-david-ze/				
				
https://opais.co.ao/mpla-nega-caca-as-bruxas-aos-militantes-da-unita-em-sanza-pombo-2/				
				
https://opais.co.ao/carta-do-leitor-governo-sempre-priorizou-a-saude/				
				
https://opais.co.ao/e-de-hoje-as-urnas-e-a-uan/				
				
https://opais.co.ao/editorial-a-vez-do-27-de-maio/				
				
https://opais.co.ao/covid-19-angola-reporta-31-novos-casos-e-seis-recuperados/				
				
https://opais.co.ao/mpla-nega-caca-as-bruxas-aos-militantes-da-unita-em-sanza-pombo/				
				
https://opais.co.ao/angola-alinha-sector-da-aviacao-as-normas-internacionais/				
				
https://opais.co.ao/artistas-angolanos-e-israelitas-juntam-se-em-musical-da-fundacao-arte-e-cultura/				
				
https://opais.co.ao/jovem-espanca-com-catana-a-sua-avo-de-90-anos/				
				
https://opais.co.ao/as-duas-sessoes-da-china-e-a-cooperacao-china-angola/				
				
https://opais.co.ao/se-eles-dizem-que-o-mpla-e-o-problema-entao-a-unita-nunca-foi-a-solucao/				
				
https://opais.co.ao/sagrada-desloca-se-ao-reduto-do-ask-dragao-do-uige-para-os-oitavos-da-taca-de-angola/				
				
https://opais.co.ao/palancas-negras-afinam-maquina-com-olhos-no-duelo-frente-a-guine-bissau/				
				
https://opais.co.ao/perolas-africanas-esbocam-can-do-senegal-2/				
				
https://opais.co.ao/atletas-estrangeiros-da-sao-silvestre-2021-fora-de-epoca-chegam-quinta-feira/				
				
https://opais.co.ao/ue-demasiado-dependente-dos-recursos-russos-para-os-deixar-amanha/				
				
https://opais.co.ao/lider-separatista-assume-que-russos-terao-dificuldade-em-tomar-mariupol/				
				
https://opais.co.ao/russia-esta-a-cometer-em-mariupol-crime-de-guerra-em-massa-considera-josep-borrell/				
				
https://opais.co.ao/cuanza-sul-aumenta-a-producao-de-milho-em-2022/				
				
https://opais.co.ao/companhia-de-ferro-do-cuchi-pode-voltar-a-exportar-em-abril/				
				
https://opais.co.ao/petroleo-comeca-semana-com-valorizacao-e-ultrapassa-barreira-dos-usd-100/				
				
https://opais.co.ao/importacao-de-sal-pode-colocar-centenas-de-funcionarios-no-desemprego/				
				
https://opais.co.ao/qualidade-do-ensino-ensinar-a-lingua-kimbundu-nas-escolas-cacar-com-ou-como-o-gato/				
				
https://opais.co.ao/embaixada-da-belgica-promove-concertos-de-jazz-e-ciclo-de-cinema-no-mes-da-francofonia/				
				
https://opais.co.ao/jogos-digitais-desenvolvidos-por-estudantes-premiados-em-tres-categorias/				
				
https://opais.co.ao/associacao-quer-acolher-vitimas-de-violencia-nas-familias/				
				
https://opais.co.ao/sindicato-acusa-ts-de-violacao-da-lei-no-primeiro-dia-de-greve/				
				
https://opais.co.ao/piim-no-lubango-com-noventa-por-cento-de-execucao-fisica/				
				
https://opais.co.ao/programa-de-combate-a-pobreza-resgata-mais-de-sessenta-mil-pessoas/				
				
https://opais.co.ao/demora-na-homologacao-do-congresso-desestabiliza-gestao-do-bloco-democratico/				
				
https://opais.co.ao/unita-alerta-que-nao-aceita-nova-anulacao-do-xiii-congresso-ordinario/				
				
https://opais.co.ao/carta-do-leitor-parabens-francisco-queiroz/				
				
https://opais.co.ao/e-de-hoje-desencravar-o-pais/				
				
https://opais.co.ao/editorial-ressaca-do-uige/				
				
https://opais.co.ao/covid-19-angola-regista-dois-casos-positivos-e-nenhum-obito/				
				
https://opais.co.ao/perolas-africanas-esbocam-can-do-senegal/				
				
https://opais.co.ao/livro-sobre-a-historia-da-radio-em-angola-ilustra-depoimentos-e-imagens-desde-o-periodo-colonial/				
				
https://opais.co.ao/editorial-incidentes-de-pre-campanha/				
				
https://opais.co.ao/cunene-com-104-casos-de-fuga-a-paternidade/				
				
https://opais.co.ao/informatizacao-dos-tribunais-uma-questao-de-justica-e-soberania/				
				
https://opais.co.ao/federacao-de-jiu-jitsu-entra-na-semana-derradeira-do-africano-em-luanda/				
				
https://opais.co.ao/falta-de-dinheiro-forca-adiamento-do-africano-de-tenis-de-mesa/				
				
https://opais.co.ao/desportivo-da-huila-ascende-ao-quinto-lugar-do-girabola-2021-2022/				
				
https://opais.co.ao/arbitros-e-comissarios-de-jogos-ameacam-greve-por-falta-de-pagamento/				
				
https://opais.co.ao/a-faf-continua-com-dificuldades-na-interpretacao-das-normas/				
				
https://opais.co.ao/franca-congela-cerca-de-850-milhoes-de-euros-de-activos-russos/				
				
https://opais.co.ao/milhares-voltam-as-ruas-para-contestar-controlo-do-poder-pelo-presidente-na-tunisia/				
				
https://opais.co.ao/zelensky-descarta-reconhecer-independencia-de-donbass-pedida-pela-russia/				
				
https://opais.co.ao/nao-ha-planos-para-uma-visita-de-joe-biden-a-ucrania/				
				
https://opais.co.ao/delegacao-de-empresarios-saudita-comeca-hoje-visita-a-angola/				
				
https://opais.co.ao/japao-concedeu-a-angola-uma-assistencia-financeira-avaliada-em-usd-424-milhoes-nos-ultimos-dois-anos/				
				
https://opais.co.ao/cabinda-exporta-60-da-madeira-para-o-vietname/				
				
https://opais.co.ao/colectivo-mulheres-dpalavras-estreia-o-espectaculo-loucas-na-maternidade-2/				
				
https://opais.co.ao/critica-sobre-a-poesia-em-angola-em-debate/				
				
https://opais.co.ao/clube-dos-medicos-leva-consultas-gratis-as-penitenciarias-de-luanda/				
				
https://opais.co.ao/mais-de-100-funcionarios-do-supremo-em-greve/				
				
https://opais.co.ao/policia-apresenta-assassinos-de-inspector-chefe/				
				
https://opais.co.ao/dessalinizacao-das-aguas-do-mussulo-comeca-esta-semana/				
				
https://opais.co.ao/secretario-da-jmpla-satisfeito-com-crescimento-da-organizacao-no-cunene/				
				
https://opais.co.ao/tribunal-constitucional-desmente-falso-acordao-que-anula-congresso-da-unita/				
				
https://opais.co.ao/oposicao-pede-prorrogacao-do-registo-eleitoral/				
				
https://opais.co.ao/carta-do-leitor-jovens-vamos-aos-buaps/				
				
https://opais.co.ao/e-de-hoje-uma-policia-e-varios-rostos/				
				
https://opais.co.ao/covid-19-angola-anuncia-2-novos-casos/				
				
https://opais.co.ao/delegacao-de-empresarios-saudita-inicia-visita-a-angola/				
				
https://opais.co.ao/falta-de-verbas-forca-adiamento-do-africano-de-tenis-de-mesa/				
				
https://opais.co.ao/colectivo-mulheres-dpalavras-estreia-o-espectaculo-loucas-na-maternidade/				
				
https://opais.co.ao/diamantiferos-perdem-brilho-diante-do-wydad-casablanca/				
				
https://opais.co.ao/registados-tres-novos-casos-de-covid-19-nas-ultimas-24horas/				
				
https://opais.co.ao/parlamentares-defendem-intensificacao-do-registo-eleitoral/				
				
https://opais.co.ao/petro-de-luanda-empate-frente-ao-zamalek-do-egipto/				
				
https://opais.co.ao/mpla-em-malanje-confiante-na-vitoria-em-agosto/				
				
https://opais.co.ao/amud-homenageia-campeas-africanas-juniores-de-andebol/				
				
https://opais.co.ao/dois-jovens-escapam-do-ataque-de-jacare-na-matala/				
				
https://opais.co.ao/assembleia-da-uip-com-a-participacao-de-angola/				
				
https://opais.co.ao/minint-vai-reter-salario-de-efectivos-que-fugirem-a-paternidade/				
				
https://opais.co.ao/casa-blanca-relanca-ii-fase-do-projecto-quartas-tropicais/				
				
https://opais.co.ao/crispiniano-dos-santos-apela-a-uniao-a-juventude-do-cunene-apesar-das-diferencas-partidarias/				
				
https://opais.co.ao/construcao-da-refinaria-do-soyo-comeca-em-abril/				
				
https://opais.co.ao/campeas-africanas-de-andebol-homenageadas-pela-amud/				
				
https://opais.co.ao/bulgaria-expulsa-10-diplomatas-russos/				
				
https://opais.co.ao/vera-daves-fala-do-contributo-da-mulher-na-sociedade/				
				
https://opais.co.ao/moxico-ser-te-a-eternamente-grato-dom-tirso-blanco/				
				
https://opais.co.ao/a-critica-literaria-angolana-nas-lentes-de-jose-luis-mendonca/				
				
https://opais.co.ao/os-nfts-da-guerra/				
				
https://opais.co.ao/guerra-ja-afecta-a-seguranca-alimentar-em-africa-e-no-medio-oriente/				
				
https://opais.co.ao/cabinda-ganha-500-casas-sociais/				
				
https://opais.co.ao/profissoes-tradicionais-em-risco-de-extincao-no-bengo/				
				
https://opais.co.ao/petro-tenta-manter-invencibilidade-frente-ao-zamalek-do-egipto-2/				
				
https://opais.co.ao/sagrada-esperanca-procura-primeira-vitoria-na-liga-dos-clubes-campeoes-africanos/				
				
https://opais.co.ao/1o-de-agosto-visita-desportivo-da-lunda-sul-focado-na-vitoria/				
				
https://opais.co.ao/delegacoes-do-campeonato-africano-de-jiu-jitsu-chegam-amanha-ao-pais/				
				
https://opais.co.ao/lia-lima-tem-sido-dificil-aguentar-a-perseguicao-de-que-tenho-sido-alvo-por-parte-da-federacao/				
				
https://opais.co.ao/transformacao-do-aterro-em-centro-de-valorizacao-de-residuos-pode-consumir-usd-70-milhoes/				
				
https://opais.co.ao/gestao-de-empresas-falidas-vai-melhorar-classificacao-de-angola-no-doing-business/				
				
https://opais.co.ao/bruno-albernaz-acreditamos-que-a-comunidade-internacional-ve-na-fib-oportunidades-de-aumentar-os-seus-negocios/				
				
https://opais.co.ao/dodo-miranda-nao-rompi-com-a-musica-secular-a-minha-veia-sempre-foi-espiritual-mesmo-ao-tempo-dos-mb-genius/				
				
https://opais.co.ao/estado-trabalha-para-diminuir-casos-de-trabalho-infantil-nos-proximos-5-anos/				
				
https://opais.co.ao/medicos-decidem-amanha-o-regresso-a-greve/				
				
https://opais.co.ao/partidos-e-sociedade-civil-reiteram-protestos-contra-a-contratacao-da-indra/				
				
https://opais.co.ao/laborinho-assegura-eleicoes-num-clima-de-tranquilidade-e-paz/				
				
https://opais.co.ao/mpla-em-benguela-reitera-adesao-ao-registo-eleitoral/				
				
https://opais.co.ao/proximas-eleicoes-com-poucos-partidos-politicos/				
				
https://opais.co.ao/carta-do-leitor-assalto-no-desvio-do-zango/				
				
https://opais.co.ao/e-de-hoje-salvem-os-cabrais/				
				
https://opais.co.ao/editorial-o-papel-dos-partidos/				
				
https://opais.co.ao/sic-detem-soba-por-auxilio-a-imigracao-ilegal/				
				
https://opais.co.ao/processo-contra-alvaro-sobrinho-em-angola-sob-investigacao-na-dniap/				
				
https://opais.co.ao/jovens-ateiam-fogo-ao-pai-por-alegadamente-ser-feiticeiro/				
				
https://opais.co.ao/pastor-da-iurd-sofre-ameaca-de-morte-por-defender-reformas-na-igreja/				
				
https://opais.co.ao/covid-19-angola-regista-18-novos-casos-e-12-recuperados/				
				
https://opais.co.ao/petro-tenta-manter-invencibilidade-frente-ao-zamalek-do-egipto/				
				
https://opais.co.ao/lopito-feijoo-na-apresentacao-do-livro-de-ensaios-criticos-das-suas-obras/				
				
https://opais.co.ao/enfermeiro-detido-por-venda-ilegal-de-medicamentos-de-hiv-sida-no-moxico/				
				
https://opais.co.ao/novos-mananciais-reforcam-abastecimento-de-agua-ao-lubango/				
				
https://opais.co.ao/primeiro-incubatorio-de-cariz-industrial-produz-35-mil-pintos-por-semana/				
				
https://opais.co.ao/negociacoes-para-o-fim-da-guerra-na-ucrania-baixa-preco-do-petroleo-2/				
				
https://opais.co.ao/pam-disponibiliza-usd-mais-de-um-milhao-para-seca-no-sul/				
				
https://opais.co.ao/oito-mil-cidadaos-inseridos-no-sistema-financeiro-no-zaire/				
				
https://opais.co.ao/sagrada-bate-libolo-e-mantem-perseguicao-ao-petro-de-luanda-2/				
				
https://opais.co.ao/beto-bianchi-aborda-deslocacao-ao-moxico/				
				
https://opais.co.ao/zeca-amaral-descontente-com-a-direccao-da-federacao-angolana-de-futebol/				
				
https://opais.co.ao/trio-de-arbitragem-dos-camaroes-apita-o-jogo-entre-petro-vs-zamalek-do-egipto/				
				
https://opais.co.ao/fundistas-estrangeiros-chegam-ao-pais-no-dia-24-deste-mes/				
				
https://opais.co.ao/noite-de-recordes-para-kyrie-irving-e-para-os-nets/				
				
https://opais.co.ao/yanick-moreira-e-anderson-correia-espreitam-estreias-no-confronto-diante-do-interclube-b/				
				
https://opais.co.ao/o-gatuno-e-o-feiticeiro/				
				
https://opais.co.ao/cine-geracao-celebra-mes-de-marco-com-exibicoes-sob-o-signo-mulheres-cineastas/				
				
https://opais.co.ao/exposicao-e-leitura-junta-mulheres-na-casa-de-cultura-njinga-a-mbande/				
				
https://opais.co.ao/historia-da-radio-em-angola-retratada-em-livro/				
				
https://opais.co.ao/fk-eventos-desperta-corredor-lobito-luena-para-o-espirito-de-empreendedorismo/				
				
https://opais.co.ao/tribunal-da-relacao-de-benguela-sem-estrutura-para-normal-funcionamento/				
				
https://opais.co.ao/presidente-joao-lourenco-termina-visita-a-cabo-verde/				
				
https://opais.co.ao/carta-do-leitor-escuridao-na-via-expressa/				
				
https://opais.co.ao/editorial-ainda-a-guerra-na-ucrania/				
				
https://opais.co.ao/jovem-supostamente-espancado-pela-policia-por-causa-de-angofoot-perde-a-vida/				
				
https://opais.co.ao/kwanza-e-a-moeda-que-mais-se-valoriza-face-ao-dolar/				
				
https://opais.co.ao/marginais-violavam-e-matavam-as-vitimas-para-ficarem-ricos-2/				
				
https://opais.co.ao/emissao-do-cartao-de-municipe-so-em-finais-de-abril-2/				
				
https://opais.co.ao/e-de-hoje-emagrece-kota/				
				
https://opais.co.ao/covid-19-angola-regista-29-novos-casos-sem-obitos/				
				
https://opais.co.ao/emissao-do-cartao-de-municipe-so-em-finais-de-abril/				
				
https://opais.co.ao/marginais-violavam-e-matavam-as-vitimas-para-ficarem-ricos/				
				
https://opais.co.ao/sagrada-bate-libolo-e-mantem-perseguicao-ao-petro-de-luanda/				
				
https://opais.co.ao/negociacoes-para-o-fim-da-guerra-na-ucrania-baixa-preco-do-petroleo/				
				
https://opais.co.ao/russia-eleva-pressao-militar-para-retomar-negociacao-com-a-ucrania/				
				
https://opais.co.ao/fragmentos-de-filosofia-nos-proverbios-dos-tucokwe-no-contexto-social-actual/				
				
https://opais.co.ao/horizonte-njinga-mbande-abre-ano-formativo-com-cursos-de-representacao-e-de-televisao/				
				
https://opais.co.ao/filmes-angolanos-em-cena-na-36a-edicao-do-festival-do-filme-de-fribourg-na-suica/				
				
https://opais.co.ao/pedro-goncalves-convoca-palancas-negras-com-novidades/				
				
https://opais.co.ao/kabuscorp-do-palanca-cancela-conferencia-de-imprensa-sobre-eventual-desistencia-no-girabola/				
				
https://opais.co.ao/quatro-paises-confirmam-presenca-no-africano-de-jiu-jitsu/				
				
https://opais.co.ao/associacao-provincial-de-ciclismo-de-luanda-divulga-hoje-calendario-de-provas/				
				
https://opais.co.ao/e-de-hoje-ate-que-enfim-o-cafu/				
				
https://opais.co.ao/editorial-atento-aos-cenarios/				
				
https://opais.co.ao/editorial-olhar-para-africa/				
				
https://opais.co.ao/governo-pode-criar-task-force-para-avaliar-impactos-de-activos-virtuais-na-economia/				
				
https://opais.co.ao/centro-regional-da-mandioca-vai-consumir-usd-3-milhoes/				
				
https://opais.co.ao/preco-do-petroleo-em-queda-no-mercado-2/				
				
https://opais.co.ao/aumento-de-40-no-preco-do-trigo-vai-encarecer-o-pao-nos-proximos-dias/				
				
https://opais.co.ao/adra-potencia-5-mil-pastores-para-reduzir-a-fome-na-huila/				
				
https://opais.co.ao/programa-de-apoio-a-proteccao-social-beneficia-mais-18-mil-criancas/				
				
https://opais.co.ao/cidadao-transporta-mais-de-700-gramas-de-cocaina-no-estomago-em-troca-de-usd-5-500/				
				
https://opais.co.ao/sic-detem-marginais-que-abusavam-sexualmente-e-matavam-as-vitimas/				
				
https://opais.co.ao/medicos-podem-regressar-a-greve-nos-proximos-dias/				
				
https://opais.co.ao/pr-defende-accao-coordenada-para-solucoes-dos-conflitos-em-africa/				
				
https://opais.co.ao/treze-cidadaos-ganham-nacionalidade-angolana/				
				
https://opais.co.ao/governo-descarta-extensao-do-periodo-do-registo-eleitoral-oficioso/				
				
https://opais.co.ao/carta-do-leitor-policiamento-fraco-no-zango/				
				
https://opais.co.ao/covid-19-angola-regista-25-novos/				
				
https://opais.co.ao/preco-do-petroleo-em-queda-no-mercado/				
				
https://opais.co.ao/quatro-paises-confirmam-presenca-no-africano-de-jiu-jitsu-em-luanda/				
				
https://opais.co.ao/kabuscorp-do-palanca-cancela-conferencia-de-imprensa/				
				
https://opais.co.ao/taag-aluga-aeronave-a-cabo-verde-airlines-2/				
				
https://opais.co.ao/uige-pode-ganhar-projecto-de-xadrez-comunitario/				
				
https://opais.co.ao/angola-compete-de-26-a-29-de-maio-proximo-no-africano-da-argelia/				
				
https://opais.co.ao/tomas-faria-queremos-estar-regularmente-na-fase-de-grupos-da-liga-dos-campeoes-africanos/				
				
https://opais.co.ao/kabuscorp-do-palanca-pode-anunciar-hoje-desistencia-do-girabola/				
				
https://opais.co.ao/pn-acusa-militantes-da-unita-de-terem-usado-facas-no-dia-do-seu-aniversario/				
				
https://opais.co.ao/lider-checheno-kadyrov-afirma-estar-perto-de-kiev/				
				
https://opais.co.ao/eua-voltam-a-avisar-apos-ataque-a-25-km-da-polonia-se-russia-visar-territorio-da-nato-bloco-respondera-em-toda-a-forca/				
				
https://opais.co.ao/fada-investe-kz-440-milhoes-em-cooperativas-agricolas-no-moxico/				
				
https://opais.co.ao/pesquisa-agricola-aplicada-pode-aumentar-produtividade/				
				
https://opais.co.ao/bie-aposta-na-expansao-da-producao-de-arroz-e-do-trigo/				
				
https://opais.co.ao/a-filosofar-da-cultura-da-normalizacao-a-violencia-simbolica/				
				
https://opais.co.ao/festival-eu-canto-metodismo-junta-mais-de-10-mil-vozes-em-20-palcos-na-capital/				
				
https://opais.co.ao/peca-belas-e-perigosas-surpreende-e-impacta-assistencia-por-retratar-historias-de-casais-angolanos/				
				
https://opais.co.ao/jovem-mantem-adolescente-sob-carcere-para-a-abusar-sexualmente/				
				
https://opais.co.ao/japao-reforca-programa-de-nutricao-na-huila-com-350-mil-dolares/				
				
https://opais.co.ao/cidada-embriagada-mata-filho-por-afogamento/				
				
https://opais.co.ao/mulher-mata-marido-por-a-proibir-de-colher-goiaba/				
				
https://opais.co.ao/sic-desmantela-cinco-grupos-de-marginais-que-aterrorizavam-cidadaos/				
				
https://opais.co.ao/pr-destaca-nivel-de-cooperacao-angola-cabo-verde/				
				
https://opais.co.ao/consules-gerais-avaliam-actualizacao-do-registo-na-diaspora/				
				
https://opais.co.ao/inej-forma-mais-de-400-magistrados-em-tres-anos/				
				
https://opais.co.ao/carta-do-leitor-o-eleitorado-e-os-partidos-politicos/				
				
https://opais.co.ao/e-de-hoje-as-acrobacias-no-reino-da-iurd/				
				
https://opais.co.ao/covid-19-angola-regista-4-novos-casos/				
				
https://opais.co.ao/federacao-de-judo-prepara-africano/				
				
https://opais.co.ao/taag-aluga-aeronave-a-cabo-verde-airlines/				
				
https://opais.co.ao/casa-blanca-regressa-aos-espectaculos-com-soraia-ramos-4-anos-depois/				
				
https://opais.co.ao/ucrania-um-pais-em-ruinas/				
				
https://opais.co.ao/ministra-elogia-qualificacao-do-petro-para-os-quartos-da-champions/				
				
https://opais.co.ao/petro-oficializa-hoje-contratacoes-de-yanick-moreira-e-anderson-correira/				
				
https://opais.co.ao/1o-de-agosto-perde-com-libolo-e-compromete-luta-pelo-titulo/				
				
https://opais.co.ao/estado-de-inquinacao-e-inanicao-dos-nossos-ditos-intelectuais/				
				
https://opais.co.ao/primeiro-ministro-britanico-recebe-lideres-de-paises-nordicos-e-balticos/				
				
https://opais.co.ao/em-nome-de-deus-parem-diz-papa-sobre-invasao-da-ucrania/				
				
https://opais.co.ao/porta-voz-do-kremlin-confirma-conversacoes-por-videoconferencia/				
				
https://opais.co.ao/angola-e-italia-intensificam-a-cooperacao-em-diversos-sectores/				
				
https://opais.co.ao/banco-mundial-investe-417-milhoes-usd-no-sector-electrico/				
				
https://opais.co.ao/taag-e-tacv-unem-se-para-atender-a-demanda/				
				
https://opais.co.ao/troco-luena-cuito-com-a-circulacao-assegurada/				
				
https://opais.co.ao/o-kero-voltou-e-esta-preparado-para-a-concorrencia/				
				
https://opais.co.ao/paris-o-inferno-real/				
				
https://opais.co.ao/performances-musicais-e-de-danca-no-pavilhao-de-angola-na-expo-dubai/				
				
https://opais.co.ao/sic-detem-duas-jovens-por-espancarem-a-avo-ate-a-morte/				
				
https://opais.co.ao/sindicato-considera-que-falhas-do-minfin-vao-prolongar-a-greve-no-superior/				
				
https://opais.co.ao/estado-gasta-tres-milhoes-de-kz-mes-para-atribuir-merenda-a-mais-de-tres-mil-criancas-em-icolo-e-bengo/				
				
https://opais.co.ao/no-cuando-cubango-esta-tudo-por-se-fazer-diz-pr/				
				
https://opais.co.ao/lider-da-unita-apela-aos-deputados-mais-trabalho-e-foco-nas-eleicoes/				
				
https://opais.co.ao/destacada-reforma-da-justica/				
				
https://opais.co.ao/carta-do-leitor-mpla-e-o-partido-com-maior-capacidade-de-mobilizacao/				
				
https://opais.co.ao/e-de-hoje-a-turma-do-apito/				
				
https://opais.co.ao/editorial-registo-eleitoral/				
				
https://opais.co.ao/pr-inicia-hoje-visita-de-estado-a-cabo-verde/				
				
https://opais.co.ao/covid-19-angola-sem-registo-de-obito/				
				
https://opais.co.ao/jovem-estudante-em-portugal-suicida-se-no-lubango/				
				
https://opais.co.ao/policia-nacional-apreende-mais-de-2-mil-litros-de-combustivel-transportado-em-condicoes-improprias/				
				
https://opais.co.ao/presidente-da-republica-visita-cabo-verde/				
				
https://opais.co.ao/128000-2/				
				
https://opais.co.ao/glaucoma-e-um-conjunto-de-disturbios-oculares-que-podem-levar-a-perda-irreversivel-da-visao/				
				
https://opais.co.ao/associacao-de-motocross-de-luanda-esboca-gp-cabo-ledo/				
				
https://opais.co.ao/kero-reabre-terceira-loja-com-casa-cheia/				
				
https://opais.co.ao/investidos-usd-14-milhoes-no-centro-de-larvicultura-do-cuando-cubango/				
				
https://opais.co.ao/governador-do-cuando-cubango-reconhece-atrasos-na-execucao-do-piim/				
				
https://opais.co.ao/russia-anuncia-que-vai-deixar-de-participar-no-conselho-da-europa/				
				
https://opais.co.ao/comboio-luena-cuito-descarrila-sem-vitimas-humanas/				
				
https://opais.co.ao/conselheiros-informados-sobre-registo-eleitoral-oficioso-no-estrangeiro/				
				
https://opais.co.ao/cinco-mortes-por-descargas-electricas-no-huambo/				
				
https://opais.co.ao/petro-de-luanda-a-um-passo-dos-quartos-de-final-na-liga-africana/				
				
https://opais.co.ao/interclube-recebe-desportivo-da-huila-com-olhos-na-vitoria/				
				
https://opais.co.ao/presidente-da-faj-preocupado-com-o-estado-actual-da-modalidade/				
				
https://opais.co.ao/petro-de-luanda-com-dupla-missao-no-arena-do-kilamba/				
				
https://opais.co.ao/federacao-de-atletismo-altera-horario-da-65a-edicao-da-sao-silvestre/				
				
https://opais.co.ao/estudantes-e-tricolores-disputam-supertaca-joao-garcia-no-pavilhao-da-cidadela/				
				
https://opais.co.ao/angola-capta-novos-investimentos-na-europa-este-mes/				
				
https://opais.co.ao/terminal-multiusos-do-porto-de-luanda-triplica-produtividade/				
				
https://opais.co.ao/kero-reabre-terceiro-supermercado-hoje/				
				
https://opais.co.ao/a-familia-na-epoca-pos-moderna-uma-abordagem-assente-no-holismo-e-individualismo-i/				
				
https://opais.co.ao/espectaculo-encontros-com-os-kotas-resulta-em-livro-sobre-folclore/				
				
https://opais.co.ao/luanda-huambo-benguela-e-huila-acolhem-festividades-do-mes-da-francofonia-2/				
				
https://opais.co.ao/espiritualidade-e-amor-nas-relacoes-humanas-dao-corpo-a-obra-duas-almas-nuas/				
				
https://opais.co.ao/elias-miguel-leva-concerto-soberanamente-ao-cine-monumental-em-benguela/				
				
https://opais.co.ao/o-milagre-de-sambizanga/				
				
https://opais.co.ao/lubango-tem-seis-ambulancias-para-atender-mais-de-20-unidades-sanitarias/				
				
https://opais.co.ao/familiares-da-bancaria-do-bic-encontrada-morta-marcham-clamando-por-justica/				
				
https://opais.co.ao/encanto-de-catete-ofuscado-pela-escassez-de-bens-e-servicos/				
				
https://opais.co.ao/novo-embaixador-de-angola-no-malawi-acreditado-ontem/				
				
https://opais.co.ao/comunidade-angolana-na-etiopia-reflecte-sobre-o-papel-da-mulher-na-sociedade/				
				
https://opais.co.ao/tati-diz-que-deputados-e-imprensa-publica-em-cabinda-estao-de-costas-viradas/				
				
https://opais.co.ao/sadc-inteira-se-do-processo-eleitoral-em-angola/				
				
https://opais.co.ao/governacao-local-atribui-mais-competencias-as-administracoes-municipais/				
				
https://opais.co.ao/unita-reafirma-constituicao-de-um-governo-inclusivo-e-participativo/				
				
https://opais.co.ao/igreja-solicita-ao-pr-credito-bancario-com-dizimos-e-ofertas-como-garantias/				
				
https://opais.co.ao/carta-do-leitor-o-suposto-pastor-ja-detido/				
				
https://opais.co.ao/e-de-hoje-o-regresso-do-galinha-rija/				
				
https://opais.co.ao/editorial-ameaca-a-seguranca/				
				
https://opais.co.ao/clientes-da-unitel-voltam-a-enfrentar-problemas-na-rede/				
				
https://opais.co.ao/tribunal-adia-anuncio-da-sentenca-do-caso-iurd/				
				
https://opais.co.ao/pgr-aperta-o-cerco-a-isabel-dos-santos/				
				
https://opais.co.ao/pais-volta-a-importar-sal-e-produtores-atiram-se-contra-a-medida/				
				
https://opais.co.ao/angola-com-22-recuperados-e-16-novos-casos/				
				
https://opais.co.ao/tribunal-adia-anuncio-de-sentenca-do-caso-iurd/				
				
https://opais.co.ao/sonangol-busca-parceria-para-producao-de-hidrogenio-verde/				
				
https://opais.co.ao/joao-lourenco-leva-conselho-de-governacao-local-ao-cuando-cubango/				
				
				
				
				
				
				
				
				
				
				
				