,url
0,https://www.elkhabar.com/press/article/233239/attaf-en-visite-de-travail-dans-plusieurs-pays-africains/
1,https://www.elkhabar.com/press/article/233269/le-secr%C3%A9taire-g%C3%A9n%C3%A9ral-du-mae-en-visite-au-niger/
2,https://www.elkhabar.com/press/article/233576/la-loi-organique-sur-linformation-publi%C3%A9e-au-journal-officiel/
3,https://www.elkhabar.com/press/article/233433/blida-33-bless%C3%A9s-dans-un-carambolage/
4,https://www.elkhabar.com/press/article/233058/niger-le-mali-et-le-burkina-faso-sappr%C3%AAtent-%C3%A0-contrer-la-c%C3%A9d%C3%A9ao/
5,https://www.elkhabar.com/press/article/233360/fermeture-provisoire-des-laboratoires-hupp-pharma/
6,https://www.elkhabar.com/press/article/233394/niger-le-conseil-militaire-commente-le-refus-de-lambassadeur-de-partir/
7,https://www.elkhabar.com/press/article/233015/223-morts-par-noyade-depuis-le-d%C3%A9but-de-la-saison-estivale/
8,https://www.elkhabar.com/press/article/233347/niger-exige-le-d%C3%A9part-des-ambassadeurs-de-plusieurs-pays/
9,https://www.elkhabar.com/press/article/233010/guoudjil-salue-la-politique-du-pr%C3%A9sident-tebboune/
10,https://www.elkhabar.com/press/article/233028/la-cedeao-bat-les-tambours-de-la-guerre/
11,https://www.elkhabar.com/press/article/233304/canicule-dans-plusieurs-wilayas-%C3%A0-partir-de-demain-1/
12,https://www.elkhabar.com/press/article/233243/air-alg%C3%A9rie-annonce-des-vols-suppl%C3%A9mentaires-vers-la-france/
13,https://www.elkhabar.com/press/article/233340/pluies-orageuses-dans-plusieurs-wilayas-49/
14,https://www.elkhabar.com/press/article/233235/mise-en-%C3%A9chec-dintroduction-de-quantit%C3%A9s-de-cannabis-provenant-du-maroc/
15,https://www.elkhabar.com/press/article/233249/evgueni-prigojine-mort-dans-un-crash-davion/
16,https://www.elkhabar.com/press/article/233405/des-vents-violents-dans-plusieurs-willayas/
17,https://www.elkhabar.com/press/article/232938/un-accident-de-la-route-fait-trois-victimes-%C3%A0-relizane/
18,https://www.elkhabar.com/press/article/233021/un-conducteur-de-bus-arr%C3%AAt%C3%A9-%C3%A0-alger/
19,https://www.elkhabar.com/press/article/233543/sept-clubs-interdits-de-recrutement/
20,https://www.elkhabar.com/press/article/233549/le-pr%C3%A9sident-de-la-r%C3%A9publique-pr%C3%A9side-un-haut-conseil-de-s%C3%A9curit%C3%A9/
21,https://www.elkhabar.com/press/article/232935/arrestation-d%C3%A9l%C3%A9ments-de-soutien-aux-groupes-terroristes/
22,https://www.elkhabar.com/press/article/233399/une-nouvelle-d%C3%A9cision-concernant-l%C3%A9preuve-du-bem/
23,https://www.elkhabar.com/press/article/233366/d%C3%A9c%C3%A8s-du-moudjahid-bousnane-boumendjel/
24,https://www.elkhabar.com/press/article/233014/amoura-rejoint-le-championnat-belge/
25,https://www.elkhabar.com/press/article/233064/crise-au-niger-communiqu%C3%A9-du-mae/
26,https://www.elkhabar.com/press/article/233362/adam-ounas-de-nouveau-absent/
27,https://www.elkhabar.com/press/article/233329/d%C3%A9clarations-du-ministre-attaf-%C3%A0-cotonou/
28,https://www.elkhabar.com/press/article/233236/le-ministre-des-finances-participe-au-forum-daffaires-des-brics/
29,https://www.elkhabar.com/press/article/233369/le-cs-constantine-%C3%A9limin%C3%A9-de-la-ldc-africaine/
30,https://www.elkhabar.com/press/article/233332/d%C3%A9c%C3%A8s-du-journaliste-abdallah-zerfaoui-condol%C3%A9ances-de-la-pr%C3%A9sidence-de-la-r%C3%A9publique/
31,https://www.elkhabar.com/press/article/232947/deux-personnes-port%C3%A9es-disparues-%C3%A0-bordj-bou-arreridj/
32,https://www.elkhabar.com/press/article/232945/le-pr%C3%A9sident-tebboune-re%C3%A7oit-un-message-du-pr%C3%A9sident-tunisien/
33,https://www.elkhabar.com/press/article/233482/pluies-orageuses-dans-plusieurs-wilayas-51/
34,https://www.elkhabar.com/press/article/233024/un-feu-de-for%C3%AAt-sest-d%C3%A9clar%C3%A9-%C3%A0-khenchela/
35,https://www.elkhabar.com/press/article/233316/larav-statuera-d%C3%A9finitivement-sur-essalam-tv/
36,https://www.elkhabar.com/press/article/233310/46-bless%C3%A9s-dans-un-d%C3%A9rapage-dun-bus-%C3%A0-ain-temouchent/
37,https://www.elkhabar.com/press/article/233061/feux-de-for%C3%AAts-%C3%A0-b%C3%A9ja%C3%AFa-13-familles-%C3%A9vacu%C3%A9es/
38,https://www.elkhabar.com/press/article/233260/attaf-effectue-des-concertations-avec-son-homologue-nig%C3%A9rian/
39,https://www.elkhabar.com/press/article/233054/journ%C3%A9e-nationale-du-moudjahid-message-du-pr%C3%A9sident-tebboune/
40,https://www.elkhabar.com/press/article/233019/un-drone-ukrainien-d%C3%A9truit-%C3%A0-moscou/
41,https://www.elkhabar.com/press/article/233313/le-correspondant-del-khabar-%C3%A0-t%C3%A9bessa-nest-plus/
42,https://www.elkhabar.com/press/article/233545/gabon-les-putschistes-nomment-un-pr%C3%A9sident-de-transition/
43,https://www.elkhabar.com/press/article/233385/pluies-orageuses-dans-plusieurs-wilayas-50/
44,https://www.elkhabar.com/press/article/232939/arrestation-de-24-harraga-dont-7-marocains-%C3%A0-boumerd%C3%A8s/
45,https://www.elkhabar.com/press/article/233272/six-nouveaux-pays-rejoignent-les-brics/
46,https://www.elkhabar.com/press/article/233436/pluies-orageuses-et-vents-forts-dans-plusieurs-wilayas-6/
47,https://www.elkhabar.com/press/article/232934/sahara-occidental-attaf-salue-la-position-de-ladministration-biden/
48,https://www.elkhabar.com/press/article/233318/mort-de-prigojine-moscou-d%C3%A9ment-les-sp%C3%A9culations/
49,https://www.elkhabar.com/press/article/233416/guerre-dalg%C3%A9rie-macron-autorise-lacc%C3%A8s-aux-archives-impliquant-les-mineurs/
50,https://www.elkhabar.com/press/article/233421/age-faf-quatre-candidats-ont-d%C3%A9pos%C3%A9-leurs-dossiers/
51,https://www.elkhabar.com/press/article/233324/lambassadeur-fran%C3%A7ais-au-niger-appel%C3%A9-%C3%A0-quitter-le-pays/
52,https://www.elkhabar.com/press/article/233365/des-vents-violents-dans-plusieurs-wilayas/
53,https://www.elkhabar.com/press/article/233055/communiqu%C3%A9-important-du-minist%C3%A8re-de-lenseignement-sup%C3%A9rieur/
54,https://www.elkhabar.com/press/article/233026/accident-tragique-%C3%A0-jijel/
55,https://www.elkhabar.com/press/article/233541/eliminatoires-de-la-coupe-du-monde-2026-le-calendrier-des-matchs-des-verts/
56,https://www.elkhabar.com/press/article/233370/un-accident-de-la-circulation-mortel-%C3%A0-djelfa/
57,https://www.elkhabar.com/press/article/233307/21-morts-par-noyade-en-une-semaine/
58,https://www.elkhabar.com/press/article/233317/attaf-entame-des-concertations-avec-son-homologue-b%C3%A9ninois/
59,https://www.elkhabar.com/press/article/233485/sant%C3%A9-salhi-examine-avec-lambassadeur-sud-cor%C3%A9en-les-opportunit%C3%A9s-de-coop%C3%A9ration-bilat%C3%A9rale/
60,https://www.elkhabar.com/press/article/233569/pluie-et-gr%C3%AAle-dans-plusieurs-wilayas/
61,https://www.elkhabar.com/press/article/232623/aoun-letat-ne-l%C3%A2chera-pas-eniem/
62,https://www.elkhabar.com/press/article/232570/importants-projets-industriels-malaisiens-en-alg%C3%A9rie/
63,https://www.elkhabar.com/press/article/232853/le-danemark-pr%C3%A9sente-ses-excuses-%C3%A0-lalg%C3%A9rie/
64,https://www.elkhabar.com/press/article/232396/francfort-acc%C3%A9l%C3%A8re-pour-far%C3%A8s-cha%C3%AFbi/
65,https://www.elkhabar.com/press/article/232511/niger-le-conseil-militaire-annonce-la-fermeture-de-lespace-a%C3%A9rien/
66,https://www.elkhabar.com/press/article/232721/le-premier-ministre-en-visite-de-travail-dans-3-wilayas/
67,https://www.elkhabar.com/press/article/232275/niger-lalg%C3%A9rie-met-en-garde-contre-toute-intervention-militaire/
68,https://www.elkhabar.com/press/article/232393/bilan-effroyable-des-noy%C3%A9s/
69,https://www.elkhabar.com/press/article/232437/plus-de-530-morts-depuis-mai-dernier/
70,https://www.elkhabar.com/press/article/232432/pr%C3%A9sident-tebboune-ma-visite-en-france-est-toujours-pr%C3%A9vue/
71,https://www.elkhabar.com/press/article/232560/niger-larm%C3%A9e-nomme-un-premier-ministre/
72,https://www.elkhabar.com/press/article/232626/entr%C3%A9e-en-vigueur-de-la-loi-de-protection-des-donn%C3%A9es-%C3%A0-caract%C3%A8re-personnel/
73,https://www.elkhabar.com/press/article/232476/guterres-adresse-au-pr%C3%A9sident-un-message-de-condol%C3%A9ances/
74,https://www.elkhabar.com/press/article/232716/covid-19-15-millions-de-cas-recens%C3%A9s-en-un-mois/
75,https://www.elkhabar.com/press/article/232597/crise-du-niger-la-cedeao-met-lalg%C3%A9rie-au-centre-des-effets-collat%C3%A9raux/
76,https://www.elkhabar.com/press/article/232541/reddition-dun-terroriste-%C3%A0-bordj-badji-mokhtar-5/
77,https://www.elkhabar.com/press/article/232436/attaf-et-borrell-examinent-les-d%C3%A9veloppements-de-la-situation-au-niger/
78,https://www.elkhabar.com/press/article/232516/canicule-dans-plusieurs-wilayas-%C3%A0-partir-de-demain/
79,https://www.elkhabar.com/press/article/232403/une-m%C3%A8re-et-ses-enfants-d%C3%A9c%C3%A9d%C3%A9s-dans-un-incendie-%C3%A0-s%C3%A9tif/
80,https://www.elkhabar.com/press/article/232700/inspection-dun-d%C3%A9tachement-naval-%C3%A0-lamiraut%C3%A9/
81,https://www.elkhabar.com/press/article/232761/plusieurs-bless%C3%A9s-dans-un-accident-de-la-route-%C3%A0-beja%C3%AFa/
82,https://www.elkhabar.com/press/article/232582/lanp-est-pr%C3%AAte-%C3%A0-r%C3%A9pondre-%C3%A0-toute-menace-sur-lalg%C3%A9rie/
83,https://www.elkhabar.com/press/article/232452/entrevue-du-pr%C3%A9sident-tebboune-avec-la-presse-1/
84,https://www.elkhabar.com/press/article/232871/intervention-au-niger-quels-sont-les-sc%C3%A9narios/
85,https://www.elkhabar.com/press/article/232438/le-pr%C3%A9sident-tebboune-pr%C3%A9side-une-c%C3%A9r%C3%A9monie-de-distinction/
86,https://www.elkhabar.com/press/article/232862/messaoudi-pr%C3%AAt%C3%A9-au-goztep-fk/
87,https://www.elkhabar.com/press/article/232358/la-date-des-inscriptions-universitaires-d%C3%A9finitives-fix%C3%A9e/
88,https://www.elkhabar.com/press/article/232757/niger-des-nouvelles-du-pr%C3%A9sident-d%C3%A9chu/
89,https://www.elkhabar.com/press/article/232344/canicule-plus-de-50-dans-plusieurs-wilayas-du-pays/
90,https://www.elkhabar.com/press/article/232859/niger-la-c%C3%A9d%C3%A9ao-r%C3%A9pond-au-conseil-militaire/
91,https://www.elkhabar.com/press/article/232527/arrestation-de-52-candidats-%C3%A0-l%C3%A9migration-clandestine/
92,https://www.elkhabar.com/press/article/232473/merad-recrutement-de-3000-nouveaux-%C3%A9l%C3%A9ments-de-la-protection-civile/
93,https://www.elkhabar.com/press/article/232430/pluies-orageuses-et-canicule-dans-plusieurs-wilayas-3/
94,https://www.elkhabar.com/press/article/232756/la-cedeao-reporte-sa-r%C3%A9union-militaire-sur-le-niger/
95,https://www.elkhabar.com/press/article/232514/mer-agit%C3%A9e-jusqu%C3%A0-demain-sur-tout-le-littoral/
96,https://www.elkhabar.com/press/article/232534/un-nouveau-coup-dur-pour-le-psg/
97,https://www.elkhabar.com/press/article/232768/candidature-%C3%A0-la-pr%C3%A9sidence-de-la-faf-report-des-d%C3%A9lais-de-d%C3%A9p%C3%B4t-des-dossiers/
98,https://www.elkhabar.com/press/article/232530/niger-la-c%C3%A9d%C3%A9ao-se-r%C3%A9unit-en-sommet-extraordinaire/
99,https://www.elkhabar.com/press/article/232703/suspension-de-diffusion-dessalam-tv/
100,https://www.elkhabar.com/press/article/232273/attaf-co-pr%C3%A9side-la-commission-mixte-de-coop%C3%A9ration-alg%C3%A9ro-tanzanienne/
101,https://www.elkhabar.com/press/article/232388/douze-cas-de-noyade-en-24-heures/
102,https://www.elkhabar.com/press/article/232707/bilan-op%C3%A9rationnel-de-lanp-en-juillet/
103,https://www.elkhabar.com/press/article/232271/canicule-dans-plusieurs-wilayas-5/
104,https://www.elkhabar.com/press/article/232400/lalg%C3%A9rie-exprime-son-refus-dintervention-militaire-au-niger/
105,https://www.elkhabar.com/press/article/232856/la-faf-r%C3%A9v%C3%A8le-la-date-de-l%C3%A9lection-de-son-nouveau-pr%C3%A9sident/
106,https://www.elkhabar.com/press/article/232635/niger-graves-accusations-contre-la-france/
107,https://www.elkhabar.com/press/article/232507/pluies-orageuses-et-canicule-dans-plusieurs-wilayas-4/
108,https://www.elkhabar.com/press/article/232524/communiqu%C3%A9-du-minist%C3%A8re-de-lenseignement-sup%C3%A9rieur/
109,https://www.elkhabar.com/press/article/232583/attaf-entame-une-visite-de-travail-%C3%A0-washington/
110,https://www.elkhabar.com/press/article/232264/pluies-orageuses-dans-plusieurs-wilayas-47/
111,https://www.elkhabar.com/press/article/232380/pluies-orageuses-dans-plusieurs-wilayas-48/
112,https://www.elkhabar.com/press/article/232708/intervention-au-niger-r%C3%A9union-des-cem-de-la-c%C3%A9d%C3%A9ao/
113,https://www.elkhabar.com/press/article/232632/attaf-sentretient-%C3%A0-washington-avec-antony-blinken/
114,https://www.elkhabar.com/press/article/232589/tassili-airlines-certifi%C3%A9e-iosa-pour-la-7%C3%A8me-fois/
115,https://www.elkhabar.com/press/article/232763/yaiche-nouvel-entraineur-de-laso-chlef/
116,https://www.elkhabar.com/press/article/232573/une-nouvelle-ligne-reliant-alger-%C3%A0-johannesburg-fin-septembre/
117,https://www.elkhabar.com/press/article/232755/benabderrahmane-inspecte-le-complexe-sid%C3%A9rurgique-del-hadjar/
0,https://www.elkhabar.com/press/article/233676/inondations-7-morts-et-des-disparus-%C3%A0-tlemcen-et-el-bayadh/
1,https://www.elkhabar.com/press/article/233718/canicule-et-pluies-dans-plusieurs-wilayas/
2,https://www.elkhabar.com/press/article/234135/examen-de-l%C3%A9tat-davancement-du-projet-de-la-marque-jac-%C3%A0-a%C3%AFn-t%C3%A9mouchent/
3,https://www.elkhabar.com/press/article/234194/pluies-orageuses-dans-plusieurs-wilayas-57/
4,https://www.elkhabar.com/press/article/234759/le-pr%C3%A9sident-tebboune-re%C3%A7oit-le-ministre-de-la-d%C3%A9fense-italien/
5,https://www.elkhabar.com/press/article/234631/le-niger-interdit-son-espace-a%C3%A9rien-%C3%A0-tous-les-avions-fran%C3%A7ais/
6,https://www.elkhabar.com/press/article/234550/sanchez-se-retourne-contre-le-makhzen/
7,https://www.elkhabar.com/press/article/234429/communiqu%C3%A9-de-la-r%C3%A9union-du-gouvernement-22/
8,https://www.elkhabar.com/press/article/234840/un-mort-dans-un-accident-de-la-route-%C3%A0-batna/
9,https://www.elkhabar.com/press/article/234359/lancement-de-la-2e-%C3%A9dition-dalgeria-woodtech/
10,https://www.elkhabar.com/press/article/233648/un-b%C3%A9b%C3%A9-sauv%C3%A9-dans-lincendie-dun-immeuble-%C3%A0-annaba/
11,https://www.elkhabar.com/press/article/233982/la-ligue-arabe-salue-le-r%C3%B4le-du-pr%C3%A9sident-tebboune/
12,https://www.elkhabar.com/press/article/234658/le-pr%C3%A9sident-de-la-r%C3%A9publique-re%C3%A7oit-walid-sadi/
13,https://www.elkhabar.com/press/article/234214/le-ministre-aoun-met-fin-aux-fonctions-de-deux-directeurs-de-son-secteur/
14,https://www.elkhabar.com/press/article/234045/lalg%C3%A9rie-consacre-des-aides-logistiques-au-maroc/
15,https://www.elkhabar.com/press/article/234141/le-pr%C3%A9sident-tebboune-re%C3%A7oit-les-membres-du-crea/
16,https://www.elkhabar.com/press/article/233596/pluies-orageuses-dans-22-wilayas-du-pays/
17,https://www.elkhabar.com/press/article/234470/projet-de-la-ligne-ferroviaire-bechar-tindouf-lanc%C3%A9-en-travaux-avant-fin-2023/
18,https://www.elkhabar.com/press/article/234535/faf-sadi-d%C3%A9voile-ses-priorit%C3%A9s/
19,https://www.elkhabar.com/press/article/234213/canicule-dans-plusieurs-wilayas-6/
20,https://www.elkhabar.com/press/article/233778/vaste-op%C3%A9ration-de-vente-de-produits-de-la-mer-en-circuit-court-1/
21,https://www.elkhabar.com/press/article/234126/le-pr%C3%A9sident-tebboune-re%C3%A7oit-lambassadrice-des-etats-unis/
22,https://www.elkhabar.com/press/article/234342/le-pr%C3%A9sident-tebboune-re%C3%A7oit-son-homologue-palestinien/
23,https://www.elkhabar.com/press/article/234834/ghannouchi-et-des-d%C3%A9tenus-politiques-entament-une-gr%C3%A8ve-de-la-faim/
24,https://www.elkhabar.com/press/article/234392/le-pr%C3%A9sident-tebboune-sentretient-avec-son-homologue-turc/
25,https://www.elkhabar.com/press/article/234468/deux-vols-alger-johannesburg-%C3%A0-partir-de-demain/
26,https://www.elkhabar.com/press/article/234224/tayeb-zitouni-re%C3%A7u-par-le-premier-ministre-tunisien/
27,https://www.elkhabar.com/press/article/234357/ligue-2-report-du-d%C3%A9marrage-du-championnat/
28,https://www.elkhabar.com/press/article/234464/le-pr%C3%A9sident-tebboune-sentretient-avec-plusieurs-pr%C3%A9sidents/
29,https://www.elkhabar.com/press/article/234220/escale-technique-de-maduro-%C3%A0-alger/
30,https://www.elkhabar.com/press/article/233820/nomination-du-haut-commissaire-pour-la-num%C3%A9risation/
31,https://www.elkhabar.com/press/article/234629/lalg%C3%A9rie-salue-toutes-les-initiatives-visant-%C3%A0-lunification-des-rangs-libyens/
32,https://www.elkhabar.com/press/article/233683/le-sg-des-ae-re%C3%A7oit-le-secr%C3%A9taire-detat-am%C3%A9ricain-adjoint/
33,https://www.elkhabar.com/press/article/233659/le-ffs-lance-une-initiative-politique/
34,https://www.elkhabar.com/press/article/234265/plus-dune-vingtaine-dincendies-maitris%C3%A9s-%C3%A0-tizi-ouzou/
35,https://www.elkhabar.com/press/article/234041/lalg%C3%A9rie-qualifi%C3%A9e-pour-la-finale-du-championnat-dafrique-des-nations/
36,https://www.elkhabar.com/press/article/234230/lusma-remporte-la-supercoupe-caf-face-au-al-ahly-sc/
37,https://www.elkhabar.com/press/article/233829/la-date-de-la-rentr%C3%A9e-universitaire-annonc%C3%A9e-1/
38,https://www.elkhabar.com/press/article/234431/mouvement-partiel-dans-le-corps-des-directeurs-de-wilaya-de-la-protection-civile/
39,https://www.elkhabar.com/press/article/234706/arkab-notre-objectif-est-lautosuffisance-industrielle/
40,https://www.elkhabar.com/press/article/234636/la-france-annonce-le-retrait-de-ses-troupes-au-niger/
41,https://www.elkhabar.com/press/article/233911/le-tremblement-de-terre-au-maroc-ressenti-dans-7-wilayas-alg%C3%A9riennes/
42,https://www.elkhabar.com/press/article/233766/vaste-op%C3%A9ration-de-vente-de-produits-de-la-mer-en-circuit-court/
43,https://www.elkhabar.com/press/article/233912/fortes-pluies-dans-10-wilayas-du-pays/
44,https://www.elkhabar.com/press/article/234325/alg%C3%A9rie-ferries-lance-une-nouvelle-plateforme-de-r%C3%A9servation-en-ligne/
45,https://www.elkhabar.com/press/article/233651/changement-dans-le-lieu-du-stage-des-verts/
46,https://www.elkhabar.com/press/article/234414/iran-inondations-dans-le-nord-apr%C3%A8s-des-pluies-torrentielles/
47,https://www.elkhabar.com/press/article/234850/pluies-orageuses-dans-le-sud-du-pays-2/
48,https://www.elkhabar.com/press/article/234132/fin-de-fonctions-du-pdg-de-giplait/
49,https://www.elkhabar.com/press/article/234418/d%C3%A9but-du-d%C3%A9bat-g%C3%A9n%C3%A9ral-de-la-78e-ag-de-lonu/
50,https://www.elkhabar.com/press/article/234669/vers-la-criminalisation-de-latteinte-aux-symboles-religieux-et-sacr%C3%A9s/
51,https://www.elkhabar.com/press/article/234236/le-pr%C3%A9sident-tebboune-f%C3%A9licite-lusm-alger/
52,https://www.elkhabar.com/press/article/234011/pluies-orageuses-dans-plusieurs-wilayas-54/
53,https://www.elkhabar.com/press/article/234668/maghnia-un-enfant-assassin%C3%A9-par-un-malade-mental/
54,https://www.elkhabar.com/press/article/234789/r%C3%A9organisation-des-services-de-la-pr%C3%A9sidence-de-la-r%C3%A9publique/
55,https://www.elkhabar.com/press/article/234563/pluies-orageuses-dans-lest-du-pays-2/
56,https://www.elkhabar.com/press/article/234762/un-crime-odieux-perp%C3%A9tr%C3%A9-%C3%A0-blida/
57,https://www.elkhabar.com/press/article/234603/vents-forts-et-mer-agit%C3%A9e-dans-plusieurs-wilayas/
58,https://www.elkhabar.com/press/article/234227/%D8%A5%D8%AA%D8%AD%D8%A7%D8%AF-%D8%A7%D9%84%D8%AC%D8%B2%D8%A7%D8%A6%D8%B1-%D9%8A%D8%AA%D9%88%D8%AC-%D8%A8%D9%83%D8%A3%D8%B3-%D8%A7%D9%84%D8%B3%D9%88%D8%A8%D8%B1-%D8%A7%D9%84%D8%A5%D9%81%D8%B1%D9%8A%D9%82%D9%8A-2023/
59,https://www.elkhabar.com/press/article/234492/r%C3%A9alisation-du-premier-village-%C3%A0-l%C3%A9nergie-solaire-en-alg%C3%A9rie/
60,https://www.elkhabar.com/press/article/234306/fermeture-temporaire-dun-tron%C3%A7on-du-tramway-dalger/
61,https://www.elkhabar.com/press/article/234097/victoire-m%C3%A9rit%C3%A9e-de-lalg%C3%A9rie-face-au-s%C3%A9n%C3%A9gal/
62,https://www.elkhabar.com/press/article/233883/laghouat-sept-morts-et-deux-bless%C3%A9s-dans-un-accident-de-la-route/
63,https://www.elkhabar.com/press/article/234209/libye-les-efforts-pour-retrouver-les-victimes-se-poursuivent/
64,https://www.elkhabar.com/press/article/234035/le-cyclone-daniel-atteint-legypte/
65,https://www.elkhabar.com/press/article/234240/pluies-orageuses-dans-plusieurs-wilayas-58/
66,https://www.elkhabar.com/press/article/233981/la-date-de-la-tenue-du-congr%C3%A8s-du-fln-r%C3%A9v%C3%A9l%C3%A9e/
67,https://www.elkhabar.com/press/article/234172/douanes-installation-de-bakhouche-%C3%A0-la-t%C3%AAte-de-la-direction-g%C3%A9n%C3%A9rale/
68,https://www.elkhabar.com/press/article/234268/vents-forts-sur-plusieurs-wilayas-du-centre-du-pays/
69,https://www.elkhabar.com/press/article/233972/sonatrach-une-plateforme-num%C3%A9rique-pour-lutter-contre-la-corruption/
70,https://www.elkhabar.com/press/article/234398/pluies-orageuses-dans-plusieurs-wilayas-60/
71,https://www.elkhabar.com/press/article/234366/le-pr%C3%A9sident-tebboune-sentretient-avec-plusieurs-de-ses-homologues/
72,https://www.elkhabar.com/press/article/234313/feux-de-for%C3%AAts-de-b%C3%A9ja%C3%AFa-arrestation-de-deux-suspects/
73,https://www.elkhabar.com/press/article/233609/bordj-badji-mokhtar-climat-printanier-en-plein-%C3%A9t%C3%A9-%C3%A0-timiaouine/
74,https://www.elkhabar.com/press/article/233831/sa%C3%AFd-chanegriha-re%C3%A7oit-un-appel-t%C3%A9l%C3%A9phonique-du-directeur-de-la-cia/
75,https://www.elkhabar.com/press/article/234301/faf-les-travaux-de-lage-auront-lieu-au-ctn/
76,https://www.elkhabar.com/press/article/233886/larouci-rejoint-les-verts/
77,https://www.elkhabar.com/press/article/234680/d%C3%A9mant%C3%A8lement-dun-r%C3%A9seau-visant-%C3%A0-attenter-%C3%A0-lunit%C3%A9-nationale/
78,https://www.elkhabar.com/press/article/234820/pluies-orageuses-et-vents-forts-dans-le-sud-du-pays-1/
79,https://www.elkhabar.com/press/article/234013/d%C3%A9clarations-de-belmadi-avant-le-match-contre-le-s%C3%A9n%C3%A9gal/
80,https://www.elkhabar.com/press/article/233730/inondations-le-pr%C3%A9sident-tebboune-pr%C3%A9sente-ses-condol%C3%A9ances/
81,https://www.elkhabar.com/press/article/233824/destruction-de-7-casemates-et-arrestation-de-3-%C3%A9l%C3%A9ments-de-soutien-au-terrorisme/
82,https://www.elkhabar.com/press/article/234408/sonatrach-signature-dun-contrat-pour-lexploitation-de-11-nouveaux-puits/
83,https://www.elkhabar.com/press/article/233995/le-pr%C3%A9sident-tebboune-re%C3%A7oit-noureddine-benbrahem/
84,https://www.elkhabar.com/press/article/234541/d%C3%A9c%C3%A8s-du-journaliste-laabane-de-la-radio-de-biskra/
85,https://www.elkhabar.com/press/article/234565/mostaganem-cinq-personne-asphyxi%C3%A9es-au-gaz-secourues/
86,https://www.elkhabar.com/press/article/234619/hadj-2024-ouverture-des-candidatures-pour-les-agences-touristiques/
87,https://www.elkhabar.com/press/article/233688/trois-morts-dans-un-accident-de-la-circulation-%C3%A0-msila/
88,https://www.elkhabar.com/press/article/234855/fin-de-mission-pour-les-%C3%A9l%C3%A9ments-de-la-protection-civile-en-libye/
89,https://www.elkhabar.com/press/article/234155/pluies-orageuses-dans-plusieurs-wilayas-56/
90,https://www.elkhabar.com/press/article/233838/attaf-re%C3%A7u-par-le-pr%C3%A9sident-turc/
91,https://www.elkhabar.com/press/article/234739/agr%C3%A9ment-du-nouvel-ambassadeur-dalg%C3%A9rie-en-chine/
92,https://www.elkhabar.com/press/article/234077/le-maroc-refuse-laide-de-lalg%C3%A9rie/
93,https://www.elkhabar.com/press/article/234476/lag-%C3%A9lective-de-la-faf-demain-%C3%A0-sidi-moussa/
94,https://www.elkhabar.com/press/article/234498/libye-envoi-dune-deuxi%C3%A8me-%C3%A9quipe-de-la-protection-civile/
95,https://www.elkhabar.com/press/article/233822/ligue-des-champions-de-la-caf-le-crb-choisit-ce-stade/
96,https://www.elkhabar.com/press/article/234714/can-lalg%C3%A9rie-retire-ses-dossiers-de-candidature/
97,https://www.elkhabar.com/press/article/234137/les-prix-des-l%C3%A9gumineuses-ne-verront-aucune-augmentation/
98,https://www.elkhabar.com/press/article/234526/le-pr%C3%A9sident-regagne-le-pays/
99,https://www.elkhabar.com/press/article/234260/installation-du-nouveau-wali-de-tlemcen/
100,https://www.elkhabar.com/press/article/234481/le-pr%C3%A9sident-tebboune-signe-registre-dor-de-lonu/
101,https://www.elkhabar.com/press/article/233825/la-caf-examine-le-dossier-de-bein-sports/
102,https://www.elkhabar.com/press/article/234742/lonu-salue-la-volont%C3%A9-de-lalg%C3%A9rie-de-promouvoir-les-droits-de-lhomme/
103,https://www.elkhabar.com/press/article/234027/inondations-en-libye-lalg%C3%A9rie-pr%C3%A9sente-ses-condol%C3%A9ances/
104,https://www.elkhabar.com/press/article/234159/vaste-mouvement-au-sein-des-directions-de-lagriculture/
105,https://www.elkhabar.com/press/article/234293/benabderrahmane-r%C3%A9v%C3%A8le-le-montant-du-pib-en-2022/
106,https://www.elkhabar.com/press/article/233653/ouverture-dune-enqu%C3%AAte-sur-lexplosion-dannaba/
107,https://www.elkhabar.com/press/article/234623/lalg%C3%A9rie-prend-la-pr%C3%A9sidence-de-lunion-g%C3%A9n%C3%A9rale-des-m%C3%A9decins-v%C3%A9t%C3%A9rinaires-arabes/
108,https://www.elkhabar.com/press/article/233964/pluies-orageuses-dans-plusieurs-wilayas-53/
109,https://www.elkhabar.com/press/article/233926/s%C3%A9isme-au-maroc-communiqu%C3%A9-de-la-pr%C3%A9sidence/
110,https://www.elkhabar.com/press/article/234720/walid-sadi-prend-ses-fonctions-%C3%A0-la-t%C3%AAte-de-la-faf/
111,https://www.elkhabar.com/press/article/233644/premi%C3%A8re-r%C3%A9action-de-feghouli-convoqu%C3%A9-par-belmadi/
112,https://www.elkhabar.com/press/article/233851/pluies-orageuses-dans-plusieurs-wilayas-52/
113,https://www.elkhabar.com/press/article/234734/lancement-de-r%C3%A9alisation-du-nouveau-centre-de-catering-dair-alg%C3%A9rie/
114,https://www.elkhabar.com/press/article/234166/sntf-nouveau-programme-pour-la-banlieue-dalger/
115,https://www.elkhabar.com/press/article/234286/pluies-orageuses-dans-plusieurs-wilayas-59/
116,https://www.elkhabar.com/press/article/234058/pluies-orageuses-dans-plusieurs-wilayas-55/
117,https://www.elkhabar.com/press/article/234760/les-prix-du-poulet-baisseront-dans-les-prochains-jours/
118,https://www.elkhabar.com/press/article/234795/pluies-orageuses-et-vents-forts-dans-le-sud-du-pays/
119,https://www.elkhabar.com/press/article/234247/le-pr%C3%A9sident-tebboune-se-rend-%C3%A0-new-york/
120,https://www.elkhabar.com/press/article/234656/sntf-reprise-du-trafic-sur-la-ligne-alger-oran/
121,https://www.elkhabar.com/press/article/234842/le-match-retour-cr-belouizdad-bo-rangers-report%C3%A9/
122,https://www.elkhabar.com/press/article/234136/la-libye-exprime-sa-gratitude-%C3%A0-lalg%C3%A9rie/
123,https://www.elkhabar.com/press/article/234544/le-terrorisme-est-devenu-la-menace-num%C3%A9ro-un-en-afrique/
124,https://www.elkhabar.com/press/article/234683/le-premier-ministre-re%C3%A7oit-lambassadeur-mauritanien/
125,https://www.elkhabar.com/press/article/233990/le-maroc-inhume-les-victimes-du-s%C3%A9isme/
126,https://www.elkhabar.com/press/article/233740/ctn-de-sidi-moussa-belmadi-d%C3%A9nonce/
127,https://www.elkhabar.com/press/article/234549/lue-d%C3%A9bloque-des-aides-financi%C3%A8res-pour-la-tunisie/
128,https://www.elkhabar.com/press/article/233864/alg%C3%A9rie-tanzanie-ou-regarder-le-match/
129,https://www.elkhabar.com/press/article/233979/lalg%C3%A9rie-pr%C3%A9sente-son-plan-durgence-daide-au-maroc/
130,https://www.elkhabar.com/press/article/234766/le-pr%C3%A9sident-tebboune-re%C3%A7oit-les-lettres-de-cr%C3%A9ances-de-4-nouveaux-ambassadeurs/
131,https://www.elkhabar.com/press/article/234832/lalg%C3%A9rie-et-litalie-scellent-un-accord-dextradition-de-criminels-1/
132,https://www.elkhabar.com/press/article/234577/beddari-les-universit%C3%A9s-alg%C3%A9riennes-sont-le-moteur-de-l%C3%A9conomie-nationale/
133,https://www.elkhabar.com/press/article/233719/feux-de-for%C3%AAt-les-op%C3%A9rations-dextinction-se-poursuivent/
134,https://www.elkhabar.com/press/article/233748/la-date-de-la-rentr%C3%A9e-scolaire-d%C3%A9voil%C3%A9e/
135,https://www.elkhabar.com/press/article/234374/les-verts-affronteront-le-cap-vert-et-legypte/
136,https://www.elkhabar.com/press/article/233836/vaste-mouvement-dans-le-corps-des-walis/
137,https://www.elkhabar.com/press/article/233629/pluies-orageuses-dans-29-wilayas-du-pays/
138,https://www.elkhabar.com/press/article/234201/usma-al-ahly-ou-regarder-le-match/
139,https://www.elkhabar.com/press/article/234773/communiqu%C3%A9-de-la-r%C3%A9union-du-gouvernement-23/
140,https://www.elkhabar.com/press/article/233960/le-gouvernement-autorise-limportation-de-viandes-pour-casser-les-prix/
141,https://www.elkhabar.com/press/article/233737/premi%C3%A8re-d%C3%A9claration-du-nouveau-ministre-de-la-communication/
142,https://www.elkhabar.com/press/article/234646/dessalement-de-leau-de-mer-lusine-corso-entre-en-production/
143,https://www.elkhabar.com/press/article/233678/le-secr%C3%A9taire-detat-am%C3%A9ricain-adjoint-re%C3%A7u-par-son-homologue/
144,https://www.elkhabar.com/press/article/234215/trois-morts-dans-un-accident-de-la-route-%C3%A0-timimoune/
145,https://www.elkhabar.com/press/article/234300/chaleur-caniculaire-dans-les-wilayas-du-centre-du-pays/
146,https://www.elkhabar.com/press/article/233632/annaba-11-bless%C3%A9s-dans-lexplosion-du-bouteille-de-gaz/
147,https://www.elkhabar.com/press/article/233690/pr%C3%A9cisions-du-mdn-sur-les-jet-ski-ayant-franchi-nos-eaux-territoriales/
148,https://www.elkhabar.com/press/article/234837/d%C3%A9mant%C3%A8lement-dun-r%C3%A9seau-criminel-international-de-trafic-de-m%C3%A9dicaments/
149,https://www.elkhabar.com/press/article/234029/libye-150-morts-dans-des-inondations/
150,https://www.elkhabar.com/press/article/234296/libye-dernier-bilan-des-op%C3%A9rations-de-la-protection-civile/
151,https://www.elkhabar.com/press/article/234063/alg%C3%A9rie-s%C3%A9n%C3%A9gal-ou-regarder-le-match/
152,https://www.elkhabar.com/press/article/234430/la-date-du-mawlid-ennabawi-fix%C3%A9e-au-28-septembre/
153,https://www.elkhabar.com/press/article/233920/s%C3%A9isme-maroc-le-bilan-salourdit/
154,https://www.elkhabar.com/press/article/234767/le-g%C3%A9n%C3%A9ral-darm%C3%A9e-chanegriha-re%C3%A7oit-le-ministre-italien-de-la-d%C3%A9fense/
155,https://www.elkhabar.com/press/article/234026/nouveau-bilan-du-s%C3%A9isme-dal-haouz/
156,https://www.elkhabar.com/press/article/233735/el-khabar-poursuit-en-justice-r%C3%A9da-mattem/
157,https://www.elkhabar.com/press/article/234613/alger-saisie-de-40-milliards-de-centimes-de-feux-dartifices/
158,https://www.elkhabar.com/press/article/234218/cyclone-de-derna-la-protection-civile-retrouve-18-morts/
159,https://www.elkhabar.com/press/article/234069/sntf-cr%C3%A9ation-dune-carte-jeune/
160,https://www.elkhabar.com/press/article/234590/c%C3%A9r%C3%A9monie-douverture-de-lexercice-chemex-afrique/
161,https://www.elkhabar.com/press/article/233692/mohamed-laagab-ministre-de-la-communication/
162,https://www.elkhabar.com/press/article/234721/la-faf-explique-les-raisons-de-son-retrait-de-la-can/
163,https://www.elkhabar.com/press/article/234665/une-personne-morte-%C3%A9lectrocut%C3%A9e-%C3%A0-boumerd%C3%A8s/
164,https://www.elkhabar.com/press/article/234528/pluies-orageuses-dans-plusieurs-wilayas-61/
165,https://www.elkhabar.com/press/article/234338/pluies-orageuses-dans-5-wilayas-1/
166,https://www.elkhabar.com/press/article/234507/le-pr%C3%A9sident-tebboune-rencontre-ses-homologues-de-guin%C3%A9e-bissau-et-du-lib%C3%A9ria/
167,https://www.elkhabar.com/press/article/234025/biskra-production-de-plus-de-4-millions-de-quintaux-de-dattes/
168,https://www.elkhabar.com/press/article/234799/lalg%C3%A9rie-et-la-france-entretiennent-une-relation-dune-exceptionnelle-densit%C3%A9/
169,https://www.elkhabar.com/press/article/234682/les-pr%C3%A9visions-de-la-balance-des-paiements-pour-2023/
170,https://www.elkhabar.com/press/article/234373/inondations-en-libye-126-corps-sans-vie-retir%C3%A9s/
171,https://www.elkhabar.com/press/article/234741/mise-en-place-dun-dispositif-daide-%C3%A0-lacquisition-de-v%C3%A9hicules-%C3%A9lectriques/
172,https://www.elkhabar.com/press/article/234503/football-ce-qua-d%C3%A9clar%C3%A9-le-nouveau-pr%C3%A9sident-de-la-faf-au-sujet-de-belmadi/
173,https://www.elkhabar.com/press/article/234360/accident-mortel-%C3%A0-gharda%C3%AFa/
174,https://www.elkhabar.com/press/article/234552/can-2023-lalg%C3%A9rie-dans-le-chapeau-1/
175,https://www.elkhabar.com/press/article/233641/canicule-dans-ces-wilayas-%C3%A0-partir-de-demain/
