,0
0,https://azeritimes.com/capturing-lifes-moments-creativity-and-technique/
1,https://azeritimes.com/azerbaijans-president-accuses-russia-of-shooting-down-crashed-jetliner-unintentionally/
2,https://azeritimes.com/russia-experiences-major-youtube-blackout-with-access-hitting-record-lows/
3,https://azeritimes.com/the-best-road-trips-scenic-routes-destinations-and-planning-tips/
4,https://azeritimes.com/scientists-reveal-remains-of-a-50000-year-old-baby-mammoth/
5,https://azeritimes.com/how-to-wear-dress-in-15-easy-and-stylish-ways/
6,https://azeritimes.com/israeli-forces-kill-teenager-amid-intensified-raids-in-occupied-west-bank/
7,https://azeritimes.com/tech-weapons-we-need-to-combat-global-warming/
8,https://azeritimes.com/navigate-the-complexities-of-international-relations-political-alliances/
9,https://azeritimes.com/what-we-know-about-the-new-orleans-attack/
10,https://azeritimes.com/france-reveals-new-government-as-budget-conflict-approaches/
11,https://azeritimes.com/alexander-arnold-fully-committed-to-liverpool-amid-real-madrid-interest/
12,https://azeritimes.com/advocates-launch-legal-push-for-argentina-chile-to-arrest-israeli-soldier/
13,https://azeritimes.com/israeli-forces-kill-dozens-in-gaza-as-ceasefire-talks-face-challenges/
14,https://azeritimes.com/asadov-pro-bridge-strengthens-the-future-of-womens-football-by-supporting-baku-juniors/
15,https://azeritimes.com/azal-last-full-technical-inspection-of-crashed-airplane-was-conducted-in-october/
16,https://azeritimes.com/lawyer-aysel-umudovas-condition-is-not-good/
17,https://azeritimes.com/after-trump-threat-mexican-president-says-panama-canal-belongs-to-panamanians/
18,https://azeritimes.com/video-us-launches-wave-of-air-strikes-on-yemens-capital/
19,https://azeritimes.com/who-is-tommy-robinson-and-why-is-elon-musk-throwing-his-weight-behind-him/
20,https://azeritimes.com/greenland-hits-back-after-trumps-dangerous-threat/
21,https://azeritimes.com/putins-apology-for-plane-crash-rejected-as-reckless-actions-condemned/
22,https://azeritimes.com/lesser-known-world-heritage-sites-that-deserve-a-closer-look/
23,https://azeritimes.com/romania-bulgaria-join-borderless-schengen-zone-after-13-year-wait/
24,https://azeritimes.com/double-talk-putin-apologizes-to-azerbaijan-for-plane-crash-but-wont-take-responsibility/
25,https://azeritimes.com/famine-spreading-in-war-torn-sudan-un-backed-report-says/
26,https://azeritimes.com/ukraine-launches-new-offensive-in-russias-kursk-as-war-casualties-mount/
27,https://azeritimes.com/azerbaijani-independent-journalists-accused-of-smuggling/
28,https://azeritimes.com/israel-confirms-it-killed-former-hamas-leader-haniyeh-in-tehran/
29,https://azeritimes.com/the-evolution-of-streetwear-from-subculture-to-high-fashion/
30,https://azeritimes.com/erdogan-says-ypg-will-be-buried-in-syria-if-it-doesnt-lay-down-arms/
31,https://azeritimes.com/kilauea-volcano-erupts-in-hawaii-video/
32,https://azeritimes.com/worlds-oldest-person-dies-in-japan-aged-116/
33,https://azeritimes.com/north-koreas-kim-hails-comrade-putin-in-new-years-greeting/
34,https://azeritimes.com/germany-pledges-support-for-justice-in-post-assad-syria-and-calls-for-accountability/
35,https://azeritimes.com/opinions-that-illuminate-nuances-and-assumptions-in-the-political/
36,https://azeritimes.com/analyzing-the-intersection-of-politics-and-societal-impact/
37,https://azeritimes.com/vladimir-putin-apologises-to-azerbaijani-leader-for-tragic-incident-involving-crashed-azerbaijani-plane/
38,https://azeritimes.com/why-are-us-republicans-debating-the-future-of-h-1b-high-skill-work-visas/
39,https://azeritimes.com/mozambique-president-elect-urges-unity-amid-unrest-citizens-fleeing/
40,https://azeritimes.com/glimpse-into-the-spectacular-landscapes-of-world-national-parks/
41,https://azeritimes.com/prosecutor-requests-9-year-prison-sentence-for-kanal-11-director-teymur-karimov/
42,https://azeritimes.com/abzasmedia-trial-has-begun/
43,https://azeritimes.com/nutrition-for-athletes-fueling-your-body-for-optimal-performance/
44,https://azeritimes.com/challenge-and-inspire-future-of-political-thought/
45,https://azeritimes.com/i-refuse-a-cheap-death-israel-kills-palestinian-journalist-in-gaza/
46,https://azeritimes.com/putin-apologizes-to-azerbaijan-over-tragic-plane-crash-but-doesnt-say-if-russia-is-to-blame/
47,https://azeritimes.com/azerbaijan-airlines-blames-physical-and-technical-interference-for-plane-crash/
48,https://azeritimes.com/today-marks-national-day-of-mourning-in-azerbaijan/
49,https://azeritimes.com/discovering-ancient-cities-that-shaped-the-course-of-world-history/
50,https://azeritimes.com/musk-calls-for-jailed-uk-far-right-activist-tommy-robinson-to-be-released/
51,https://azeritimes.com/ivory-coast-says-french-troops-to-leave-country-after-decades/
52,https://azeritimes.com/fashion-and-celebrity-culture-the-influence-of-celebrities-on-style-trends/
53,https://azeritimes.com/israel-kills-five-medical-staff-as-another-baby-freezes-to-death-in-gaza/
54,https://azeritimes.com/meydan-tvs-statement-regarding-latest-arrests-of-journalists/
55,https://azeritimes.com/south-korea-authorities-seek-arrest-of-yoon-over-martial-law-declaration/
56,https://azeritimes.com/mukesh-chandrakar-indian-media-bodies-seek-probe-into-murder-of-journalist/
57,https://azeritimes.com/diverse-opinions-that-ignite-conversations-and-reshape-perceptions/
58,https://azeritimes.com/sustainability-initiatives-become-a-priority-for-businesses/
59,https://azeritimes.com/the-power-of-cross-training-incorporating-variety-into-your-fitness-routine/
60,https://azeritimes.com/role-of-technology-in-modern-political-relations-and-communication/
61,https://azeritimes.com/sevinj-vagifgizi-honored-as-anti-corruption-champion/
62,https://azeritimes.com/us-uk-and-eu-condemn-pakistans-military-courts-for-sentencing-civilians/
63,https://azeritimes.com/a-journalists-public-appeal-aliyev-wants-to-destroy-the-media-that-investigates-him/
64,https://azeritimes.com/state-of-emergency-declared-at-azal-airplane-crash-site-in-aktau/
65,https://azeritimes.com/38-confirmed-to-be-killed-in-azal-plane-crash-in-aktau-kazakhstan-vice-pm-says/
66,https://azeritimes.com/breaking-38-dead-after-jet-crashes-in-kazakhstan-passenger-films-crash-from-inside-cabin-as-plane-goes-down/
67,https://azeritimes.com/why-nepals-gurkha-fighters-want-to-join-indias-army-again/
68,https://azeritimes.com/is-russia-planning-a-false-flag-attack-on-moldova/
69,https://azeritimes.com/something-has-been-taken-away-pakistans-well-kept-fgm-secret/
70,https://azeritimes.com/former-un-climate-chief-christiana-figueres-remains-optimistic-despite-disappointing-cop-process/
71,https://azeritimes.com/kazakhstan-walks-diplomatic-tightrope-amidst-azerbaijan-russia-jet-crash-dispute/
72,https://azeritimes.com/donald-trump-and-the-great-panama-canal-tantrum/
73,https://azeritimes.com/what-are-syrias-new-diplomatic-efforts-looking-to-achieve/
74,https://azeritimes.com/natig-javadli-a-symbol-of-honesty-and-justice/
75,https://azeritimes.com/opinions-that-analyze-critique-and-insights-into-policy-matters/
76,https://azeritimes.com/opinions-that-shape-challenge-and-influence-the-direction/
77,https://azeritimes.com/that-bridge-borders-and-offer-insights-into-international/
78,https://azeritimes.com/king-of-jordan-congratulates-president-of-azerbaijan-ilham-aliyev/
79,https://azeritimes.com/analyzing-global-dynamics-and-unraveling-key-policy-initiatives/
80,https://azeritimes.com/unpacking-the-nexus-between-technology-and-national-security/
81,https://azeritimes.com/meydan-tv-employees-remanded-for-4-months/
82,https://azeritimes.com/iran-open-to-dialogue-while-countering-pressures-simultaneously-official/
83,https://azeritimes.com/investigators-want-to-know-did-russian-air-defenses-down-azerbaijan-airlines-jet/
84,https://azeritimes.com/from-childhood-to-senior-years-strategies-for-lifelong-health/
85,https://azeritimes.com/unveiling-2024-travel-trends-the-ultimate-wanderlust-guide/
86,https://azeritimes.com/black-box-of-azal-airplane-crashing-in-kazakhstan-found/
87,https://azeritimes.com/the-importance-of-fit-in-fashion-balancing-comfort-and-style/
88,https://azeritimes.com/canal-is-panamanian-panamas-president-rejects-trump-threats/
89,https://azeritimes.com/crime-against-journalism-gaza-journalists-decry-pas-al-jazeera-ban/
90,https://azeritimes.com/leicester-city-vs-man-city-epl-preview-team-news-how-to-follow-stream/
91,https://azeritimes.com/sajad-shakoor-brings-hope-and-halal-meals-to-california-prisoners/
92,https://azeritimes.com/syrian-authorities-crack-down-on-remnants-of-bashar-al-assads-rule/
93,https://azeritimes.com/what-is-known-about-a-plane-crash-in-kazakhstan-that-killed-38-of-67-people-on-board/
94,https://azeritimes.com/isaac-herzog-congratulates-azerbaijani-president-ilham-aliyev/
95,https://azeritimes.com/strategies-for-accessible-and-inclusive-healthcare/
96,https://azeritimes.com/turkiye-to-allow-pro-kurdish-party-to-visit-jailed-pkk-founder/
97,https://azeritimes.com/navigating-opinions-that-define-influence-the-current-political/
98,https://azeritimes.com/bp-shuts-down-production-at-offshore-platform-azerbaijan-cuts-off-gas-supplies-to-bulgaria-and-serbia/
99,https://azeritimes.com/the-future-of-work-how-technology-is-changing-the-workplace/
100,https://azeritimes.com/building-a-foundation-for-sustainable-health-and-longevity/
101,https://azeritimes.com/indigenous-cultures-and-their-contribution-to-world-cultural-heritage/
102,https://azeritimes.com/appreciating-different-genres-history-and-instruments/
103,https://azeritimes.com/video-five-things-jimmy-carter-will-be-remembered-for/
104,https://azeritimes.com/south-korean-court-issues-arrest-warrant-for-yoon-over-martial-law-decree/
105,https://azeritimes.com/biden-blocks-sale-of-us-steel-to-japans-nippon-steel/
106,https://azeritimes.com/african-victims-of-clergy-abuse-deserve-justice-and-accountability-too/
107,https://azeritimes.com/meet-5-people-who-think-they-know-what-will-happen-this-year/
108,https://azeritimes.com/the-beauty-of-fashion-photography-trends-style-and-creativity/
109,https://azeritimes.com/celebs-in-red-and-pink-dresses-red-carpet-trend/
110,https://azeritimes.com/iran-russia-strong-ties-benefit-the-entire-region-says-vice-president/
111,https://azeritimes.com/that-provide-critical-analysis-on-political-decision-making/
112,https://azeritimes.com/rival-camps-protest-in-south-korea-as-authorities-press-for-yoons-arrest/
113,https://azeritimes.com/albanian-opposition-activists-protest-in-tirana-calling-for-government-to-step-down/
114,https://azeritimes.com/imprisoned-religious-activist-denied-medical-treatment-begins-hunger-strike/
115,https://azeritimes.com/at-least-85-killed-in-s-korea-as-plane-crashes-on-landing-at-muan-airport/
116,https://azeritimes.com/world-news-today-live-updates-on-december-28-2024-azerbaijani-plane-hit-by-russian-air-defenses-details-of-shocking-new-claims-by-white-house/
117,https://azeritimes.com/viktor-orban-congratulates-president-of-azerbaijan/
118,https://azeritimes.com/azerbaijan-airline-crash-was-most-likely-caused-by-a-russian-missile/
119,https://azeritimes.com/kazakhstan-plane-crash-survivors-describe-chaos-on-azerbaijan-airlines-flight/
120,https://azeritimes.com/retraction-of-us-backed-gaza-famine-report-draws-anger-scrutiny/
121,https://azeritimes.com/desi-bouterse-surinames-fugitive-former-president-dies-at-79/
122,https://azeritimes.com/cocksure-kim-jong-un-is-raising-the-nuclear-stakes-is-it-time-for-south-korea-to-follow-suit-simon-tisdall/
123,https://azeritimes.com/class-efforts-in-safeguarding-and-restoring-historic-monuments/
